observation_id,authorplantname_vb,currenttaxoninterp_usdacode,currenttaxoninterp_commonname,currenttaxoninterp_accessioncode,currenttaxoninterp_scientificname,currenttaxoninterp_scientificnamenoauthors,originaltaxoninterp_usdacode,originaltaxoninterp_common,originaltaxoninterp_accessioncode,originaltaxoninterp_scientificname,originaltaxoninterp_scientificnamenoauthors,stratum,cover,covercode,inferencearea,taxonobs_accessioncode
5732,"Arabis glabra (L.) Bernh.","ARGL","tower rockcress","VB.PC.10003.ARABISGLABRALBE","Arabis glabra (L.) Bernh.","Arabis glabra","ARGL","tower rockcress","VB.PC.10003.ARABISGLABRALBE","Arabis glabra (L.) Bernh.","Arabis glabra","-all-",0.5,01,,"VB.TO.132944.ARABISGLABRALBE"
5732,"Castilleja miniata Dougl. ex Hook.","CAMI12","giant red Indian paintbrush","VB.PC.16947.CASTILLEJAMINIA","Castilleja miniata Dougl. ex Hook.","Castilleja miniata","CAMI12","giant red Indian paintbrush","VB.PC.16947.CASTILLEJAMINIA","Castilleja miniata Dougl. ex Hook.","Castilleja miniata","-all-",0.5,01,,"VB.TO.132948.CASTILLEJAMINIA"
5732,"Cirsium P. Mill.","CIRSI","thistle","VB.PC.2870.CIRSIUMPMILL","Cirsium P. Mill.","Cirsium","CIRSI","thistle","VB.PC.2870.CIRSIUMPMILL","Cirsium P. Mill.","Cirsium","-all-",0.5,01,,"VB.TO.132952.CIRSIUMPMILL"
5732,"Galium boreale L.","GABO2","northern bedstraw","VB.PC.28019.GALIUMBOREALEL","Galium boreale L.","Galium boreale","GABO2","northern bedstraw","VB.PC.28019.GALIUMBOREALEL","Galium boreale L.","Galium boreale","-all-",3,02,,"VB.TO.132956.GALIUMBOREALEL"
5732,"Penstemon confertus Dougl. ex Lindl.","PECO6","yellow penstemon","VB.PC.43318.PENSTEMONCONFER","Penstemon confertus Dougl. ex Lindl.","Penstemon confertus","PECO6","yellow penstemon","VB.PC.43318.PENSTEMONCONFER","Penstemon confertus Dougl. ex Lindl.","Penstemon confertus","-all-",0.5,01,,"VB.TO.132960.PENSTEMONCONFER"
5732,"Polygonum douglasii Greene","PODO4","Douglas' knotweed","VB.PC.46468.POLYGONUMDOUGLA","Polygonum douglasii Greene","Polygonum douglasii","PODO4","Douglas' knotweed","VB.PC.46468.POLYGONUMDOUGLA","Polygonum douglasii Greene","Polygonum douglasii","-all-",0.5,01,,"VB.TO.132964.POLYGONUMDOUGLA"
5732,"Senecio L.","SENEC","ragwort","VB.PC.5772.SENECIOL","Senecio L.","Senecio","SENEC","ragwort","VB.PC.5772.SENECIOL","Senecio L.","Senecio","-all-",0.5,01,,"VB.TO.132968.SENECIOL"
5732,"Vicia americana Muhl. ex Willd.","VIAM","American vetch","VB.PC.58849.VICIAAMERICANAM","Vicia americana Muhl. ex Willd.","Vicia americana","VIAM","American vetch","VB.PC.58849.VICIAAMERICANAM","Vicia americana Muhl. ex Willd.","Vicia americana","-all-",0.5,01,,"VB.TO.132972.VICIAAMERICANAM"
5732,"Arabis glabra (L.) Bernh.","ARGL","tower rockcress","VB.PC.10003.ARABISGLABRALBE","Arabis glabra (L.) Bernh.","Arabis glabra","ARGL","tower rockcress","VB.PC.10003.ARABISGLABRALBE","Arabis glabra (L.) Bernh.","Arabis glabra","Herbaceous",0.5,01,,"VB.TO.132944.ARABISGLABRALBE"
5732,"Castilleja miniata Dougl. ex Hook.","CAMI12","giant red Indian paintbrush","VB.PC.16947.CASTILLEJAMINIA","Castilleja miniata Dougl. ex Hook.","Castilleja miniata","CAMI12","giant red Indian paintbrush","VB.PC.16947.CASTILLEJAMINIA","Castilleja miniata Dougl. ex Hook.","Castilleja miniata","Herbaceous",0.5,01,,"VB.TO.132948.CASTILLEJAMINIA"
5732,"Cirsium P. Mill.","CIRSI","thistle","VB.PC.2870.CIRSIUMPMILL","Cirsium P. Mill.","Cirsium","CIRSI","thistle","VB.PC.2870.CIRSIUMPMILL","Cirsium P. Mill.","Cirsium","Herbaceous",0.5,01,,"VB.TO.132952.CIRSIUMPMILL"
5732,"Galium boreale L.","GABO2","northern bedstraw","VB.PC.28019.GALIUMBOREALEL","Galium boreale L.","Galium boreale","GABO2","northern bedstraw","VB.PC.28019.GALIUMBOREALEL","Galium boreale L.","Galium boreale","Herbaceous",3,02,,"VB.TO.132956.GALIUMBOREALEL"
5732,"Penstemon confertus Dougl. ex Lindl.","PECO6","yellow penstemon","VB.PC.43318.PENSTEMONCONFER","Penstemon confertus Dougl. ex Lindl.","Penstemon confertus","PECO6","yellow penstemon","VB.PC.43318.PENSTEMONCONFER","Penstemon confertus Dougl. ex Lindl.","Penstemon confertus","Herbaceous",0.5,01,,"VB.TO.132960.PENSTEMONCONFER"
5732,"Polygonum douglasii Greene","PODO4","Douglas' knotweed","VB.PC.46468.POLYGONUMDOUGLA","Polygonum douglasii Greene","Polygonum douglasii","PODO4","Douglas' knotweed","VB.PC.46468.POLYGONUMDOUGLA","Polygonum douglasii Greene","Polygonum douglasii","Herbaceous",0.5,01,,"VB.TO.132964.POLYGONUMDOUGLA"
5732,"Senecio L.","SENEC","ragwort","VB.PC.5772.SENECIOL","Senecio L.","Senecio","SENEC","ragwort","VB.PC.5772.SENECIOL","Senecio L.","Senecio","Herbaceous",0.5,01,,"VB.TO.132968.SENECIOL"
5732,"Vicia americana Muhl. ex Willd.","VIAM","American vetch","VB.PC.58849.VICIAAMERICANAM","Vicia americana Muhl. ex Willd.","Vicia americana","VIAM","American vetch","VB.PC.58849.VICIAAMERICANAM","Vicia americana Muhl. ex Willd.","Vicia americana","Herbaceous",0.5,01,,"VB.TO.132972.VICIAAMERICANAM"
5732,"Amelanchier alnifolia (Nutt.) Nutt. ex M. Roemer","AMAL2","Saskatoon serviceberry","VB.PC.8756.AMELANCHIERALNI","Amelanchier alnifolia (Nutt.) Nutt. ex M. Roemer","Amelanchier alnifolia","AMAL2","Saskatoon serviceberry","VB.PC.8756.AMELANCHIERALNI","Amelanchier alnifolia (Nutt.) Nutt. ex M. Roemer","Amelanchier alnifolia","-all-",3,02,,"VB.TO.132943.AMELANCHIERALNI"
5732,"Carex geyeri Boott","CAGE2","Geyer's sedge","VB.PC.16145.CAREXGEYERIBOOT","Carex geyeri Boott","Carex geyeri","CAGE2","Geyer's sedge","VB.PC.16145.CAREXGEYERIBOOT","Carex geyeri Boott","Carex geyeri","-all-",10,,,"VB.TO.132947.CAREXGEYERIBOOT"
5732,"Campanula rotundifolia L.","CARO2","bluebell bellflower","VB.PC.15545.CAMPANULAROTUND","Campanula rotundifolia L.","Campanula rotundifolia","CARO2","bluebell bellflower","VB.PC.15545.CAMPANULAROTUND","Campanula rotundifolia L.","Campanula rotundifolia","-all-",0.5,01,,"VB.TO.132951.CAMPANULAROTUND"
5732,"Fragaria virginiana Duchesne","FRVI","Virginia strawberry","VB.PC.27622.FRAGARIAVIRGINI","Fragaria virginiana Duchesne","Fragaria virginiana","FRVI","Virginia strawberry","VB.PC.27622.FRAGARIAVIRGINI","Fragaria virginiana Duchesne","Fragaria virginiana","-all-",3,02,,"VB.TO.132955.FRAGARIAVIRGINI"
5732,"Osmorhiza occidentalis (Nutt. ex Torr. & Gray) Torr.","OSOC","western sweetroot","VB.PC.41390.OSMORHIZAOCCIDE","Osmorhiza occidentalis (Nutt. ex Torr. & Gray) Torr.","Osmorhiza occidentalis","OSOC","western sweetroot","VB.PC.41390.OSMORHIZAOCCIDE","Osmorhiza occidentalis (Nutt. ex Torr. & Gray) Torr.","Osmorhiza occidentalis","-all-",0.5,01,,"VB.TO.132959.OSMORHIZAOCCIDE"
5732,"Phleum pratense L.","PHPR3","timothy","VB.PC.44514.PHLEUMPRATENSEL","Phleum pratense L.","Phleum pratense","PHPR3","timothy","VB.PC.44514.PHLEUMPRATENSEL","Phleum pratense L.","Phleum pratense","-all-",2,,,"VB.TO.132963.PHLEUMPRATENSEL"
5732,"Ribes lacustre (Pers.) Poir.","RILA","prickly currant","VB.PC.49516.RIBESLACUSTREPE","Ribes lacustre (Pers.) Poir.","Ribes lacustre","RILA","prickly currant","VB.PC.49516.RIBESLACUSTREPE","Ribes lacustre (Pers.) Poir.","Ribes lacustre","-all-",0.5,01,,"VB.TO.132967.RIBESLACUSTREPE"
5732,"Valeriana dioica L.","VADI","marsh valerian","VB.PC.58366.VALERIANADIOICA","Valeriana dioica L.","Valeriana dioica","VADI","marsh valerian","VB.PC.58366.VALERIANADIOICA","Valeriana dioica L.","Valeriana dioica","-all-",3,02,,"VB.TO.132971.VALERIANADIOICA"
5732,"Amelanchier alnifolia (Nutt.) Nutt. ex M. Roemer","AMAL2","Saskatoon serviceberry","VB.PC.8756.AMELANCHIERALNI","Amelanchier alnifolia (Nutt.) Nutt. ex M. Roemer","Amelanchier alnifolia","AMAL2","Saskatoon serviceberry","VB.PC.8756.AMELANCHIERALNI","Amelanchier alnifolia (Nutt.) Nutt. ex M. Roemer","Amelanchier alnifolia","Short Shrub",3,02,,"VB.TO.132943.AMELANCHIERALNI"
5732,"Carex geyeri Boott","CAGE2","Geyer's sedge","VB.PC.16145.CAREXGEYERIBOOT","Carex geyeri Boott","Carex geyeri","CAGE2","Geyer's sedge","VB.PC.16145.CAREXGEYERIBOOT","Carex geyeri Boott","Carex geyeri","Herbaceous",10,,,"VB.TO.132947.CAREXGEYERIBOOT"
5732,"Campanula rotundifolia L.","CARO2","bluebell bellflower","VB.PC.15545.CAMPANULAROTUND","Campanula rotundifolia L.","Campanula rotundifolia","CARO2","bluebell bellflower","VB.PC.15545.CAMPANULAROTUND","Campanula rotundifolia L.","Campanula rotundifolia","Herbaceous",0.5,01,,"VB.TO.132951.CAMPANULAROTUND"
5732,"Fragaria virginiana Duchesne","FRVI","Virginia strawberry","VB.PC.27622.FRAGARIAVIRGINI","Fragaria virginiana Duchesne","Fragaria virginiana","FRVI","Virginia strawberry","VB.PC.27622.FRAGARIAVIRGINI","Fragaria virginiana Duchesne","Fragaria virginiana","Herbaceous",3,02,,"VB.TO.132955.FRAGARIAVIRGINI"
5732,"Osmorhiza occidentalis (Nutt. ex Torr. & Gray) Torr.","OSOC","western sweetroot","VB.PC.41390.OSMORHIZAOCCIDE","Osmorhiza occidentalis (Nutt. ex Torr. & Gray) Torr.","Osmorhiza occidentalis","OSOC","western sweetroot","VB.PC.41390.OSMORHIZAOCCIDE","Osmorhiza occidentalis (Nutt. ex Torr. & Gray) Torr.","Osmorhiza occidentalis","Herbaceous",0.5,01,,"VB.TO.132959.OSMORHIZAOCCIDE"
5732,"Phleum pratense L.","PHPR3","timothy","VB.PC.44514.PHLEUMPRATENSEL","Phleum pratense L.","Phleum pratense","PHPR3","timothy","VB.PC.44514.PHLEUMPRATENSEL","Phleum pratense L.","Phleum pratense","Herbaceous",2,,,"VB.TO.132963.PHLEUMPRATENSEL"
5732,"Ribes lacustre (Pers.) Poir.","RILA","prickly currant","VB.PC.49516.RIBESLACUSTREPE","Ribes lacustre (Pers.) Poir.","Ribes lacustre","RILA","prickly currant","VB.PC.49516.RIBESLACUSTREPE","Ribes lacustre (Pers.) Poir.","Ribes lacustre","Short Shrub",0.5,01,,"VB.TO.132967.RIBESLACUSTREPE"
5732,"Valeriana dioica L.","VADI","marsh valerian","VB.PC.58366.VALERIANADIOICA","Valeriana dioica L.","Valeriana dioica","VADI","marsh valerian","VB.PC.58366.VALERIANADIOICA","Valeriana dioica L.","Valeriana dioica","Herbaceous",3,02,,"VB.TO.132971.VALERIANADIOICA"
5732,"Agoseris glauca (Pursh) Raf.","AGGL","pale agoseris","VB.PC.7783.AGOSERISGLAUCAP","Agoseris glauca (Pursh) Raf.","Agoseris glauca","AGGL","pale agoseris","VB.PC.7783.AGOSERISGLAUCAP","Agoseris glauca (Pursh) Raf.","Agoseris glauca","-all-",0.5,01,,"VB.TO.132942.AGOSERISGLAUCAP"
5732,"Bromus carinatus Hook. & Arn.","BRCA5","California brome","VB.PC.14123.BROMUSCARINATUS","Bromus carinatus Hook. & Arn.","Bromus carinatus","BRCA5","California brome","VB.PC.14123.BROMUSCARINATUS","Bromus carinatus Hook. & Arn.","Bromus carinatus","-all-",0.5,01,,"VB.TO.132946.BROMUSCARINATUS"
5732,"Carex L.","CAREX","sedge","VB.PC.2671.CAREXL","Carex L.","Carex","CAREX","sedge","VB.PC.2671.CAREXL","Carex L.","Carex","-all-",0.5,01,,"VB.TO.132950.CAREXL"
5732,"Elymus glaucus Buckl.","ELGL","blue wildrye","VB.PC.24807.ELYMUSGLAUCUSBU","Elymus glaucus Buckl.","Elymus glaucus","ELGL","blue wildrye","VB.PC.24807.ELYMUSGLAUCUSBU","Elymus glaucus Buckl.","Elymus glaucus","-all-",0.5,01,,"VB.TO.132954.ELYMUSGLAUCUSBU"
5732,"Lomatium triternatum (Pursh) Coult. & Rose","LOTR2","nineleaf biscuitroot","VB.PC.36005.LOMATIUMTRITERN","Lomatium triternatum (Pursh) Coult. & Rose","Lomatium triternatum","LOTR2","nineleaf biscuitroot","VB.PC.36005.LOMATIUMTRITERN","Lomatium triternatum (Pursh) Coult. & Rose","Lomatium triternatum","-all-",0.5,01,,"VB.TO.132958.LOMATIUMTRITERN"
5732,"Perideridia gairdneri (Hook. & Arn.) Mathias","PEGA3","Gardner's yampah","VB.PC.43691.PERIDERIDIAGAIR","Perideridia gairdneri (Hook. & Arn.) Mathias","Perideridia gairdneri","PEGA3","Gardner's yampah","VB.PC.43691.PERIDERIDIAGAIR","Perideridia gairdneri (Hook. & Arn.) Mathias","Perideridia gairdneri","-all-",0.5,01,,"VB.TO.132962.PERIDERIDIAGAIR"
5732,"Poa pratensis L.","POPR","Kentucky bluegrass","VB.PC.46037.POAPRATENSISL","Poa pratensis L.","Poa pratensis","POPR","Kentucky bluegrass","VB.PC.46037.POAPRATENSISL","Poa pratensis L.","Poa pratensis","-all-",2,,,"VB.TO.132966.POAPRATENSISL"
5732,"Taraxacum officinale G.H. Weber ex Wiggers","TAOF","common dandelion","VB.PC.55863.TARAXACUMOFFICI","Taraxacum officinale G.H. Weber ex Wiggers","Taraxacum officinale","TAOF","common dandelion","VB.PC.55863.TARAXACUMOFFICI","Taraxacum officinale G.H. Weber ex Wiggers","Taraxacum officinale","-all-",1,,,"VB.TO.132970.TARAXACUMOFFICI"
5732,"Agoseris glauca (Pursh) Raf.","AGGL","pale agoseris","VB.PC.7783.AGOSERISGLAUCAP","Agoseris glauca (Pursh) Raf.","Agoseris glauca","AGGL","pale agoseris","VB.PC.7783.AGOSERISGLAUCAP","Agoseris glauca (Pursh) Raf.","Agoseris glauca","Herbaceous",0.5,01,,"VB.TO.132942.AGOSERISGLAUCAP"
5732,"Bromus carinatus Hook. & Arn.","BRCA5","California brome","VB.PC.14123.BROMUSCARINATUS","Bromus carinatus Hook. & Arn.","Bromus carinatus","BRCA5","California brome","VB.PC.14123.BROMUSCARINATUS","Bromus carinatus Hook. & Arn.","Bromus carinatus","Herbaceous",0.5,01,,"VB.TO.132946.BROMUSCARINATUS"
5732,"Carex L.","CAREX","sedge","VB.PC.2671.CAREXL","Carex L.","Carex","CAREX","sedge","VB.PC.2671.CAREXL","Carex L.","Carex","Herbaceous",0.5,01,,"VB.TO.132950.CAREXL"
5732,"Elymus glaucus Buckl.","ELGL","blue wildrye","VB.PC.24807.ELYMUSGLAUCUSBU","Elymus glaucus Buckl.","Elymus glaucus","ELGL","blue wildrye","VB.PC.24807.ELYMUSGLAUCUSBU","Elymus glaucus Buckl.","Elymus glaucus","Herbaceous",0.5,01,,"VB.TO.132954.ELYMUSGLAUCUSBU"
5732,"Lomatium triternatum (Pursh) Coult. & Rose","LOTR2","nineleaf biscuitroot","VB.PC.36005.LOMATIUMTRITERN","Lomatium triternatum (Pursh) Coult. & Rose","Lomatium triternatum","LOTR2","nineleaf biscuitroot","VB.PC.36005.LOMATIUMTRITERN","Lomatium triternatum (Pursh) Coult. & Rose","Lomatium triternatum","Herbaceous",0.5,01,,"VB.TO.132958.LOMATIUMTRITERN"
5732,"Perideridia gairdneri (Hook. & Arn.) Mathias","PEGA3","Gardner's yampah","VB.PC.43691.PERIDERIDIAGAIR","Perideridia gairdneri (Hook. & Arn.) Mathias","Perideridia gairdneri","PEGA3","Gardner's yampah","VB.PC.43691.PERIDERIDIAGAIR","Perideridia gairdneri (Hook. & Arn.) Mathias","Perideridia gairdneri","Herbaceous",0.5,01,,"VB.TO.132962.PERIDERIDIAGAIR"
5732,"Poa pratensis L.","POPR","Kentucky bluegrass","VB.PC.46037.POAPRATENSISL","Poa pratensis L.","Poa pratensis","POPR","Kentucky bluegrass","VB.PC.46037.POAPRATENSISL","Poa pratensis L.","Poa pratensis","Herbaceous",2,,,"VB.TO.132966.POAPRATENSISL"
5732,"Taraxacum officinale G.H. Weber ex Wiggers","TAOF","common dandelion","VB.PC.55863.TARAXACUMOFFICI","Taraxacum officinale G.H. Weber ex Wiggers","Taraxacum officinale","TAOF","common dandelion","VB.PC.55863.TARAXACUMOFFICI","Taraxacum officinale G.H. Weber ex Wiggers","Taraxacum officinale","Herbaceous",1,,,"VB.TO.132970.TARAXACUMOFFICI"
5732,"Achillea millefolium L.","ACMI2","common yarrow","VB.PC.7235.ACHILLEAMILLEFO","Achillea millefolium L.","Achillea millefolium","ACMI2","common yarrow","VB.PC.7235.ACHILLEAMILLEFO","Achillea millefolium L.","Achillea millefolium","-all-",0.5,01,,"VB.TO.132941.ACHILLEAMILLEFO"
5732,"Aster laevis L.","ASLA5",,"VB.PC.11597.ASTERLAEVISL","Aster laevis L.","Aster laevis","ASLA5",,"VB.PC.11597.ASTERLAEVISL","Aster laevis L.","Aster laevis","-all-",0.5,01,,"VB.TO.132945.ASTERLAEVISL"
5732,"Camassia quamash (Pursh) Greene","CAQU2","small camas","VB.PC.15439.CAMASSIAQUAMASH","Camassia quamash (Pursh) Greene","Camassia quamash","CAQU2","small camas","VB.PC.15439.CAMASSIAQUAMASH","Camassia quamash (Pursh) Greene","Camassia quamash","-all-",0.5,01,,"VB.TO.132949.CAMASSIAQUAMASH"
5732,"Collomia linearis Nutt.","COLI2","tiny trumpet","VB.PC.19810.COLLOMIALINEARI","Collomia linearis Nutt.","Collomia linearis","COLI2","tiny trumpet","VB.PC.19810.COLLOMIALINEARI","Collomia linearis Nutt.","Collomia linearis","-all-",0.5,01,,"VB.TO.132953.COLLOMIALINEARI"
5732,"Geranium viscosissimum Fisch. & C.A. Mey. ex C.A. Mey.","GEVI2","sticky purple geranium","VB.PC.28483.GERANIUMVISCOSI","Geranium viscosissimum Fisch. & C.A. Mey. ex C.A. Mey.","Geranium viscosissimum","GEVI2","sticky purple geranium","VB.PC.28483.GERANIUMVISCOSI","Geranium viscosissimum Fisch. & C.A. Mey. ex C.A. Mey.","Geranium viscosissimum","-all-",3,02,,"VB.TO.132957.GERANIUMVISCOSI"
5732,"Pentaphylloides floribunda (Pursh) A. Löve nom. super.","PEFL15",,"VB.PC.43566.PENTAPHYLLOIDES","Pentaphylloides floribunda (Pursh) A. Löve nom. super.","Pentaphylloides floribunda","PEFL15",,"VB.PC.43566.PENTAPHYLLOIDES","Pentaphylloides floribunda (Pursh) A. Löve nom. super.","Pentaphylloides floribunda","-all-",12,,,"VB.TO.132961.PENTAPHYLLOIDES"
5732,"Potentilla gracilis Dougl. ex Hook.","POGR9","slender cinquefoil","VB.PC.47087.POTENTILLAGRACI","Potentilla gracilis Dougl. ex Hook.","Potentilla gracilis","POGR9","slender cinquefoil","VB.PC.47087.POTENTILLAGRACI","Potentilla gracilis Dougl. ex Hook.","Potentilla gracilis","-all-",3,02,,"VB.TO.132965.POTENTILLAGRACI"
5732,"Symphoricarpos albus (L.) Blake","SYAL","common snowberry","VB.PC.55475.SYMPHORICARPOSA","Symphoricarpos albus (L.) Blake","Symphoricarpos albus","SYAL","common snowberry","VB.PC.55475.SYMPHORICARPOSA","Symphoricarpos albus (L.) Blake","Symphoricarpos albus","-all-",5,,,"VB.TO.132969.SYMPHORICARPOSA"
5732,"Achillea millefolium L.","ACMI2","common yarrow","VB.PC.7235.ACHILLEAMILLEFO","Achillea millefolium L.","Achillea millefolium","ACMI2","common yarrow","VB.PC.7235.ACHILLEAMILLEFO","Achillea millefolium L.","Achillea millefolium","Herbaceous",0.5,01,,"VB.TO.132941.ACHILLEAMILLEFO"
5732,"Aster laevis L.","ASLA5",,"VB.PC.11597.ASTERLAEVISL","Aster laevis L.","Aster laevis","ASLA5",,"VB.PC.11597.ASTERLAEVISL","Aster laevis L.","Aster laevis","Herbaceous",0.5,01,,"VB.TO.132945.ASTERLAEVISL"
5732,"Camassia quamash (Pursh) Greene","CAQU2","small camas","VB.PC.15439.CAMASSIAQUAMASH","Camassia quamash (Pursh) Greene","Camassia quamash","CAQU2","small camas","VB.PC.15439.CAMASSIAQUAMASH","Camassia quamash (Pursh) Greene","Camassia quamash","Herbaceous",0.5,01,,"VB.TO.132949.CAMASSIAQUAMASH"
5732,"Collomia linearis Nutt.","COLI2","tiny trumpet","VB.PC.19810.COLLOMIALINEARI","Collomia linearis Nutt.","Collomia linearis","COLI2","tiny trumpet","VB.PC.19810.COLLOMIALINEARI","Collomia linearis Nutt.","Collomia linearis","Herbaceous",0.5,01,,"VB.TO.132953.COLLOMIALINEARI"
5732,"Geranium viscosissimum Fisch. & C.A. Mey. ex C.A. Mey.","GEVI2","sticky purple geranium","VB.PC.28483.GERANIUMVISCOSI","Geranium viscosissimum Fisch. & C.A. Mey. ex C.A. Mey.","Geranium viscosissimum","GEVI2","sticky purple geranium","VB.PC.28483.GERANIUMVISCOSI","Geranium viscosissimum Fisch. & C.A. Mey. ex C.A. Mey.","Geranium viscosissimum","Herbaceous",3,02,,"VB.TO.132957.GERANIUMVISCOSI"
5732,"Pentaphylloides floribunda (Pursh) A. Löve nom. super.","PEFL15",,"VB.PC.43566.PENTAPHYLLOIDES","Pentaphylloides floribunda (Pursh) A. Löve nom. super.","Pentaphylloides floribunda","PEFL15",,"VB.PC.43566.PENTAPHYLLOIDES","Pentaphylloides floribunda (Pursh) A. Löve nom. super.","Pentaphylloides floribunda","Short Shrub",12,,,"VB.TO.132961.PENTAPHYLLOIDES"
5732,"Potentilla gracilis Dougl. ex Hook.","POGR9","slender cinquefoil","VB.PC.47087.POTENTILLAGRACI","Potentilla gracilis Dougl. ex Hook.","Potentilla gracilis","POGR9","slender cinquefoil","VB.PC.47087.POTENTILLAGRACI","Potentilla gracilis Dougl. ex Hook.","Potentilla gracilis","Herbaceous",3,02,,"VB.TO.132965.POTENTILLAGRACI"
5732,"Symphoricarpos albus (L.) Blake","SYAL","common snowberry","VB.PC.55475.SYMPHORICARPOSA","Symphoricarpos albus (L.) Blake","Symphoricarpos albus","SYAL","common snowberry","VB.PC.55475.SYMPHORICARPOSA","Symphoricarpos albus (L.) Blake","Symphoricarpos albus","Short Shrub",5,,,"VB.TO.132969.SYMPHORICARPOSA"
24129,"Agrostis sp.","AGROS2","bentgrass","VB.PC.2028.AGROSTISL","Agrostis L.","Agrostis","AGROS2","bentgrass","VB.PC.2028.AGROSTISL","Agrostis L.","Agrostis","herbaceous",0.01,<1,100,"VB.TO.485036.AGROSTISSP"
24129,"Carex leptalea Wahlenb.","CALE10","bristlystalked sedge","VB.PC.16258.CAREXLEPTALEAWA","Carex leptalea Wahlenb.","Carex leptalea","CALE10","bristlystalked sedge","VB.PC.16258.CAREXLEPTALEAWA","Carex leptalea Wahlenb.","Carex leptalea","herbaceous",5,,100,"VB.TO.485044.CAREXLEPTALEAWA"
24129,"Equisetum arvense L.","EQAR","field horsetail","VB.PC.25236.EQUISETUMARVENS","Equisetum arvense L.","Equisetum arvense","EQAR","field horsetail","VB.PC.25236.EQUISETUMARVENS","Equisetum arvense L.","Equisetum arvense","herbaceous",0.01,<1,100,"VB.TO.485048.EQUISETUMARVENS"
24129,"Juncus canadensis J. Gay ex Laharpe","JUCA3","Canadian rush","VB.PC.32716.JUNCUSCANADENSI","Juncus canadensis J. Gay ex Laharpe","Juncus canadensis","JUCA3","Canadian rush","VB.PC.32716.JUNCUSCANADENSI","Juncus canadensis J. Gay ex Laharpe","Juncus canadensis","herbaceous",0.01,<1,100,"VB.TO.485052.JUNCUSCANADENSI"
24129,"Lycopus uniflorus Michx.","LYUN","northern bugleweed","VB.PC.36927.LYCOPUSUNIFLORU","Lycopus uniflorus Michx.","Lycopus uniflorus","LYUN","northern bugleweed","VB.PC.36927.LYCOPUSUNIFLORU","Lycopus uniflorus Michx.","Lycopus uniflorus","herbaceous",0.01,<1,100,"VB.TO.485056.LYCOPUSUNIFLORU"
24129,"Parnassia glauca Raf.","PAGL3","fen grass of Parnassus","VB.PC.42582.PARNASSIAGLAUCA","Parnassia glauca Raf.","Parnassia glauca","PAGL3","fen grass of Parnassus","VB.PC.42582.PARNASSIAGLAUCA","Parnassia glauca Raf.","Parnassia glauca","herbaceous",1,,100,"VB.TO.485060.PARNASSIAGLAUCA"
24129,"Schoenoplectus tabernaemontani (K.C. Gmel.) Palla","SCTA2","softstem bulrush","VB.PC.52065.SCHOENOPLECTUST","Schoenoplectus tabernaemontani (K.C. Gmel.) Palla","Schoenoplectus tabernaemontani","SCTA2","softstem bulrush","VB.PC.52065.SCHOENOPLECTUST","Schoenoplectus tabernaemontani (K.C. Gmel.) Palla","Schoenoplectus tabernaemontani","herbaceous",0.01,<1,100,"VB.TO.485064.SCHOENOPLECTUST"
24129,"Symplocarpus foetidus (L.) Salisb. ex Nutt.","SYFO","skunk cabbage","VB.PC.55586.SYMPLOCARPUSFOE","Symplocarpus foetidus (L.) Salisb. ex Nutt.","Symplocarpus foetidus","SYFO","skunk cabbage","VB.PC.55586.SYMPLOCARPUSFOE","Symplocarpus foetidus (L.) Salisb. ex Nutt.","Symplocarpus foetidus","herbaceous",0.01,<1,100,"VB.TO.485068.SYMPLOCARPUSFOE"
24129,"Bryum pseudotriquetrum (Hedw.) Gaertn. et. al.","BRPS70","common green bryum moss","VB.PC.14402.BRYUMPSEUDOTRIQ","Bryum pseudotriquetrum (Hedw.) Gaertn. et. al.","Bryum pseudotriquetrum","BRPS70","common green bryum moss","VB.PC.14402.BRYUMPSEUDOTRIQ","Bryum pseudotriquetrum (Hedw.) Gaertn. et. al.","Bryum pseudotriquetrum","non-vascular plants",20,,100,"VB.TO.485040.BRYUMPSEUDOTRIQ"
24129,"Bromus pubescens Muhl. ex Willd.","BRPU6","hairy woodland brome","VB.PC.14166.BROMUSPUBESCENS","Bromus pubescens Muhl. ex Willd.","Bromus pubescens","BRPU6","hairy woodland brome","VB.PC.14166.BROMUSPUBESCENS","Bromus pubescens Muhl. ex Willd.","Bromus pubescens","herbaceous",0.01,<1,100,"VB.TO.485039.BROMUSPUBESCENS"
24129,"Carex hystericina Muhl. ex Willd.","CAHY4","bottlebrush sedge","VB.PC.16204.CAREXHYSTERICIN","Carex hystericina Muhl. ex Willd.","Carex hystericina","CAHY4","bottlebrush sedge","VB.PC.16204.CAREXHYSTERICIN","Carex hystericina Muhl. ex Willd.","Carex hystericina","herbaceous",20,,100,"VB.TO.485043.CAREXHYSTERICIN"
24129,"Eupatorium perfoliatum L.","EUPE3","common boneset","VB.PC.26644.EUPATORIUMPERFO","Eupatorium perfoliatum L.","Eupatorium perfoliatum","EUPE3","common boneset","VB.PC.26644.EUPATORIUMPERFO","Eupatorium perfoliatum L.","Eupatorium perfoliatum","herbaceous",2,,100,"VB.TO.485051.EUPATORIUMPERFO"
24129,"Lycopus americanus Muhl. ex W. Bart.","LYAM","American water horehound","VB.PC.36915.LYCOPUSAMERICAN","Lycopus americanus Muhl. ex W. Bart.","Lycopus americanus","LYAM","American water horehound","VB.PC.36915.LYCOPUSAMERICAN","Lycopus americanus Muhl. ex W. Bart.","Lycopus americanus","herbaceous",0.01,<1,100,"VB.TO.485055.LYCOPUSAMERICAN"
24129,"Muhlenbergia glomerata (Willd.) Trin.","MUGL3","spiked muhly","VB.PC.39356.MUHLENBERGIAGLO","Muhlenbergia glomerata (Willd.) Trin.","Muhlenbergia glomerata","MUGL3","spiked muhly","VB.PC.39356.MUHLENBERGIAGLO","Muhlenbergia glomerata (Willd.) Trin.","Muhlenbergia glomerata","herbaceous",0.01,<1,100,"VB.TO.485059.MUHLENBERGIAGLO"
24129,"Rhamnus cathartica L.","RHCA3","common buckthorn","VB.PC.49019.RHAMNUSCATHARTI","Rhamnus cathartica L.","Rhamnus cathartica","RHCA3","common buckthorn","VB.PC.49019.RHAMNUSCATHARTI","Rhamnus cathartica L.","Rhamnus cathartica","short shrub",0.01,<1,100,"VB.TO.485063.RHAMNUSCATHARTI"
24129,"Solidago patula Muhl. ex Willd.","SOPA2","roundleaf goldenrod","VB.PC.53992.SOLIDAGOPATULAM","Solidago patula Muhl. ex Willd.","Solidago patula","SOPA2","roundleaf goldenrod","VB.PC.53992.SOLIDAGOPATULAM","Solidago patula Muhl. ex Willd.","Solidago patula","herbaceous",7,,100,"VB.TO.485067.SOLIDAGOPATULAM"
24129,"Drepanocladus vernicosus (Mitt.) Warnst.","DRVE70",,"VB.PC.24054.DREPANOCLADUSVE","Drepanocladus vernicosus (Mitt.) Warnst.","Drepanocladus vernicosus","DRVE70",,"VB.PC.24054.DREPANOCLADUSVE","Drepanocladus vernicosus (Mitt.) Warnst.","Drepanocladus vernicosus","non-vascular plants",10,,100,"VB.TO.485047.DREPANOCLADUSVE"
24129,"Aster puniceus L.","ASPU5",,"VB.PC.11691.ASTERPUNICEUSL","Aster puniceus L.","Aster puniceus","ASPU5",,"VB.PC.11691.ASTERPUNICEUSL","Aster puniceus L.","Aster puniceus","herbaceous",3,,100,"VB.TO.485038.ASTERPUNICEUSL"
24129,"Cornus sericea L.","COSE16","redosier dogwood","VB.PC.20349.CORNUSSERICEAL","Cornus sericea L.","Cornus sericea","COSE16","redosier dogwood","VB.PC.20349.CORNUSSERICEAL","Cornus sericea L.","Cornus sericea","short shrub",1,,100,"VB.TO.485046.CORNUSSERICEAL"
24129,"Eupatorium maculatum L.","EUMA6","spotted joepyeweed","VB.PC.26634.EUPATORIUMMACUL","Eupatorium maculatum L.","Eupatorium maculatum","EUMA6","spotted joepyeweed","VB.PC.26634.EUPATORIUMMACUL","Eupatorium maculatum L.","Eupatorium maculatum","herbaceous",2,,100,"VB.TO.485050.EUPATORIUMMACUL"
24129,"Juncus pelocarpus E. Mey.","JUPE","brownfruit rush","VB.PC.32789.JUNCUSPELOCARPU","Juncus pelocarpus E. Mey.","Juncus pelocarpus","JUPE","brownfruit rush","VB.PC.32789.JUNCUSPELOCARPU","Juncus pelocarpus E. Mey.","Juncus pelocarpus","herbaceous",0.01,<1,100,"VB.TO.485054.JUNCUSPELOCARPU"
24129,"Mentha arvensis L.","MEAR4","wild mint","VB.PC.38202.MENTHAARVENSISL","Mentha arvensis L.","Mentha arvensis","MEAR4","wild mint","VB.PC.38202.MENTHAARVENSISL","Mentha arvensis L.","Mentha arvensis","herbaceous",0.01,<1,100,"VB.TO.485058.MENTHAARVENSISL"
24129,"Prunella vulgaris L.","PRVU","common selfheal","VB.PC.47440.PRUNELLAVULGARI","Prunella vulgaris L.","Prunella vulgaris","PRVU","common selfheal","VB.PC.47440.PRUNELLAVULGARI","Prunella vulgaris L.","Prunella vulgaris","herbaceous",0.01,<1,100,"VB.TO.485062.PRUNELLAVULGARI"
24129,"Senecio aureus L.","SEAU2",,"VB.PC.52726.SENECIOAUREUSL","Senecio aureus L.","Senecio aureus","SEAU2",,"VB.PC.52726.SENECIOAUREUSL","Senecio aureus L.","Senecio aureus","herbaceous",2,,100,"VB.TO.485066.SENECIOAUREUSL"
24129,"Typha angustifolia L.","TYAN","narrowleaf cattail","VB.PC.57921.TYPHAANGUSTIFOL","Typha angustifolia L.","Typha angustifolia","TYAN","narrowleaf cattail","VB.PC.57921.TYPHAANGUSTIFOL","Typha angustifolia L.","Typha angustifolia","herbaceous",3,,100,"VB.TO.485070.TYPHAANGUSTIFOL"
24129,"Campylium stellatum (Hedw.) C. Jens.","CAST51","star campylium moss","VB.PC.15588.CAMPYLIUMSTELLA","Campylium stellatum (Hedw.) C. Jens.","Campylium stellatum","CAST51","star campylium moss","VB.PC.15588.CAMPYLIUMSTELLA","Campylium stellatum (Hedw.) C. Jens.","Campylium stellatum","non-vascular plants",20,,100,"VB.TO.485042.CAMPYLIUMSTELLA"
24129,"Carex sterilis Willd.","CAST16","dioecious sedge","VB.PC.16509.CAREXSTERILISWI","Carex sterilis Willd.","Carex sterilis","CAST16","dioecious sedge","VB.PC.16509.CAREXSTERILISWI","Carex sterilis Willd.","Carex sterilis","herbaceous",5,,100,"VB.TO.485045.CAREXSTERILISWI"
24129,"Eriophorum viridicarinatum (Engelm.) Fern.","ERVI9","thinleaf cottonsedge","VB.PC.26108.ERIOPHORUMVIRID","Eriophorum viridicarinatum (Engelm.) Fern.","Eriophorum viridicarinatum","ERVI9","thinleaf cottonsedge","VB.PC.26108.ERIOPHORUMVIRID","Eriophorum viridicarinatum (Engelm.) Fern.","Eriophorum viridicarinatum","herbaceous",1,,100,"VB.TO.485049.ERIOPHORUMVIRID"
24129,"Juncus effusus L.","JUEF","common rush","VB.PC.32737.JUNCUSEFFUSUSL","Juncus effusus L.","Juncus effusus","JUEF","common rush","VB.PC.32737.JUNCUSEFFUSUSL","Juncus effusus L.","Juncus effusus","herbaceous",0.01,<1,100,"VB.TO.485053.JUNCUSEFFUSUSL"
24129,"Lythrum salicaria L.","LYSA2","purple loosestrife","VB.PC.37027.LYTHRUMSALICARI","Lythrum salicaria L.","Lythrum salicaria","LYSA2","purple loosestrife","VB.PC.37027.LYTHRUMSALICARI","Lythrum salicaria L.","Lythrum salicaria","herbaceous",1,,100,"VB.TO.485057.LYTHRUMSALICARI"
24129,"Potentilla fruticosa auct. non L.","POFR4",,"VB.PC.47080.POTENTILLAFRUTI","Potentilla fruticosa auct. non L.","Potentilla fruticosa","POFR4",,"VB.PC.47080.POTENTILLAFRUTI","Potentilla fruticosa auct. non L.","Potentilla fruticosa","short shrub",50,,100,"VB.TO.485061.POTENTILLAFRUTI"
24129,"Scirpus atrovirens Willd.","SCAT2","green bulrush","VB.PC.52119.SCIRPUSATROVIRE","Scirpus atrovirens Willd.","Scirpus atrovirens","SCAT2","green bulrush","VB.PC.52119.SCIRPUSATROVIRE","Scirpus atrovirens Willd.","Scirpus atrovirens","herbaceous",2,,100,"VB.TO.485065.SCIRPUSATROVIRE"
24129,"Thelypteris palustris Schott","THPA","eastern marsh fern","VB.PC.56455.THELYPTERISPALU","Thelypteris palustris Schott","Thelypteris palustris","THPA","eastern marsh fern","VB.PC.56455.THELYPTERISPALU","Thelypteris palustris Schott","Thelypteris palustris","herbaceous",30,,100,"VB.TO.485069.THELYPTERISPALU"
24129,"Aneura pinguis (L.) Dumort.","ANPI7",,"VB.PC.9278.ANEURAPINGUISLD","Aneura pinguis (L.) Dumort.","Aneura pinguis","ANPI7",,"VB.PC.9278.ANEURAPINGUISLD","Aneura pinguis (L.) Dumort.","Aneura pinguis","non-vascular plants",2,,100,"VB.TO.485037.ANEURAPINGUISLD"
24129,"Calliergonella cuspidata (Hedw.) Loeske","CACU18","calliergonella moss","VB.PC.14995.CALLIERGONELLAC","Calliergonella cuspidata (Hedw.) Loeske","Calliergonella cuspidata","CACU18","calliergonella moss","VB.PC.14995.CALLIERGONELLAC","Calliergonella cuspidata (Hedw.) Loeske","Calliergonella cuspidata","non-vascular plants",10,,100,"VB.TO.485041.CALLIERGONELLAC"
24380,"Caloplaca holocarpa","CAHO19","orange lichen","VB.PC.15212.CALOPLACAHOLOCA","Caloplaca holocarpa (Hoffm. ex Ach.) M. Wade","Caloplaca holocarpa","CAHO19","orange lichen","VB.PC.15212.CALOPLACAHOLOCA","Caloplaca holocarpa (Hoffm. ex Ach.) M. Wade","Caloplaca holocarpa","-all-",0.3,,,"VB.TO.489224.CALOPLACAHOLOCA"
24380,"Cetraria islandica","CEIS60",,"VB.PC.17692.CETRARIAISLANDI","Cetraria islandica (L.) Ach.","Cetraria islandica","CEIS60",,"VB.PC.17692.CETRARIAISLANDI","Cetraria islandica (L.) Ach.","Cetraria islandica","-all-",0.3,,,"VB.TO.489228.CETRARIAISLANDI"
24380,"Cornicularia divergens","CODI15",,"VB.PC.20318.CORNICULARIADIV","Cornicularia divergens Ach.","Cornicularia divergens","CODI15",,"VB.PC.20318.CORNICULARIADIV","Cornicularia divergens Ach.","Cornicularia divergens","-all-",0.3,,,"VB.TO.489232.CORNICULARIADIV"
24380,"Draba corymbosa","DRCO3","flat-top draba","VB.PC.23886.DRABACORYMBOSAR","Draba corymbosa R. Br. ex DC.","Draba corymbosa","DRCO3","flat-top draba","VB.PC.23886.DRABACORYMBOSAR","Draba corymbosa R. Br. ex DC.","Draba corymbosa","-all-",0.3,,,"VB.TO.489236.DRABACORYMBOSA"
24380,"Festuca baffinensis","FEBA","Baffin fescue","VB.PC.27191.FESTUCABAFFINEN","Festuca baffinensis Polunin","Festuca baffinensis","FEBA","Baffin fescue","VB.PC.27191.FESTUCABAFFINEN","Festuca baffinensis Polunin","Festuca baffinensis","-all-",0.3,,,"VB.TO.489240.FESTUCABAFFINEN"
24380,"Melandrium affine","MEAF4",,"VB.PC.37959.MELANDRIUMAFFIN","Melandrium affine (J. Vahl ex Fries) J. Vahl","Melandrium affine","MEAF4",,"VB.PC.37959.MELANDRIUMAFFIN","Melandrium affine (J. Vahl ex Fries) J. Vahl","Melandrium affine","-all-",0.3,,,"VB.TO.489244.MELANDRIUMAFFIN"
24380,"Pedicularis capitata","PECA2","capitate lousewort","VB.PC.42913.PEDICULARISCAPI","Pedicularis capitata M.F. Adams","Pedicularis capitata","PECA2","capitate lousewort","VB.PC.42913.PEDICULARISCAPI","Pedicularis capitata M.F. Adams","Pedicularis capitata","-all-",0.3,,,"VB.TO.489248.PEDICULARISCAPI"
24380,"Potentilla uniflora","POUN2","oneflower cinquefoil","VB.PC.47184.POTENTILLAUNIFL","Potentilla uniflora Ledeb.","Potentilla uniflora","POUN2","oneflower cinquefoil","VB.PC.47184.POTENTILLAUNIFL","Potentilla uniflora Ledeb.","Potentilla uniflora","-all-",3,,,"VB.TO.489252.POTENTILLAUNIFL"
24380,"Saxifraga caespitosa","SACA50","tufted alpine saxifrage","VB.PC.51697.SAXIFRAGACAESPI","Saxifraga caespitosa L.","Saxifraga caespitosa","SACA50","tufted alpine saxifrage","VB.PC.51697.SAXIFRAGACAESPI","Saxifraga caespitosa L.","Saxifraga caespitosa","-all-",0.3,,,"VB.TO.489256.SAXIFRAGACAESPI"
24380,"Bryaceae",,,"VB.PC.91536.BRYACEAE",,"Bryaceae",,,"VB.PC.91536.BRYACEAE",,"Bryaceae","-all-",0.3,,,"VB.TO.489223.BRYACEAE"
24380,"Cetraria cucullata","CECU60",,"VB.PC.17677.CETRARIACUCULLA","Cetraria cucullata (Bellardi) Ach.","Cetraria cucullata","CECU60",,"VB.PC.17677.CETRARIACUCULLA","Cetraria cucullata (Bellardi) Ach.","Cetraria cucullata","-all-",0.7,,,"VB.TO.489227.CETRARIACUCULLA"
24380,"Collema bachmanianum","COBA8","Bachman's jelly lichen","VB.PC.19717.COLLEMABACHMANI","Collema bachmanianum (Fink) Degel.","Collema bachmanianum","COBA8","Bachman's jelly lichen","VB.PC.19717.COLLEMABACHMANI","Collema bachmanianum (Fink) Degel.","Collema bachmanianum","-all-",0.3,,,"VB.TO.489231.COLLEMABACHMANI"
24380,"Draba cinerea","DRCI","grayleaf draba","VB.PC.23883.DRABACINEREAMFA","Draba cinerea M.F. Adams","Draba cinerea","DRCI","grayleaf draba","VB.PC.23883.DRABACINEREAMFA","Draba cinerea M.F. Adams","Draba cinerea","-all-",0.3,,,"VB.TO.489235.DRABACINEREA"
24380,"Encalypta rhaptocarpa","ENRH70","yellow awn candle snuffer moss","VB.PC.24929.ENCALYPTARHAPTO","Encalypta rhaptocarpa Schwaegr.","Encalypta rhaptocarpa","ENRH70","yellow awn candle snuffer moss","VB.PC.24929.ENCALYPTARHAPTO","Encalypta rhaptocarpa Schwaegr.","Encalypta rhaptocarpa","-all-",0.3,,,"VB.TO.489239.ENCALYPTARHAPTO"
24380,"Lecanora epibryon","LEEP60","rim lichen","VB.PC.33834.LECANORAEPIBRYO","Lecanora epibryon (Ach.) Ach.","Lecanora epibryon","LEEP60","rim lichen","VB.PC.33834.LECANORAEPIBRYO","Lecanora epibryon (Ach.) Ach.","Lecanora epibryon","-all-",5,,,"VB.TO.489243.LECANORAEPIBRYO"
24380,"Oxytropis nigrescens","OXNI","blackish oxytrope","VB.PC.41614.OXYTROPISNIGRES","Oxytropis nigrescens (Pallas) Fisch. ex DC.","Oxytropis nigrescens","OXNI","blackish oxytrope","VB.PC.41614.OXYTROPISNIGRES","Oxytropis nigrescens (Pallas) Fisch. ex DC.","Oxytropis nigrescens","-all-",7,,,"VB.TO.489247.OXYTROPISNIGRES"
24380,"Poa glauca","POGL","glaucous bluegrass","VB.PC.45976.POAGLAUCAVAHL","Poa glauca Vahl","Poa glauca","POGL","glaucous bluegrass","VB.PC.45976.POAGLAUCAVAHL","Poa glauca Vahl","Poa glauca","-all-",0.3,,,"VB.TO.489251.POAGLAUCA"
24380,"Salix rotundifolia rotundifolia",,,"VB.PC.71452.SALIXROTUNDIFOL","Salix rotundifolia Trautv. var. rotundifolia","Salix rotundifolia var. rotundifolia",,,"VB.PC.71452.SALIXROTUNDIFOL","Salix rotundifolia Trautv. var. rotundifolia","Salix rotundifolia var. rotundifolia","-all-",5,,,"VB.TO.489255.SALIXROTUNDIFOL"
24380,"Tortula ruralis (Hedw.) Gaertn. et al.","TORU70","tortula moss","VB.PC.56975.TORTULARURALISH","Tortula ruralis (Hedw.) Gaertn. et al.","Tortula ruralis","TORU70","tortula moss","VB.PC.56975.TORTULARURALISH","Tortula ruralis (Hedw.) Gaertn. et al.","Tortula ruralis","-all-",0.3,,,"VB.TO.489259.TORTULARURALISH"
24380,"Alectoria nigricans (Ach.) Nyl.","ALNI60","witch's hair lichen","VB.PC.8073.ALECTORIANIGRIC","Alectoria nigricans (Ach.) Nyl.","Alectoria nigricans","ALNI60","witch's hair lichen","VB.PC.8073.ALECTORIANIGRIC","Alectoria nigricans (Ach.) Nyl.","Alectoria nigricans","-all-",0.3,,,"VB.TO.489222.ALECTORIANIGRIC"
24380,"Cerastium beeringianum","CEBE2","Bering chickweed","VB.PC.17481.CERASTIUMBEERIN","Cerastium beeringianum Cham. & Schlecht.","Cerastium beeringianum","CEBE2","Bering chickweed","VB.PC.17481.CERASTIUMBEERIN","Cerastium beeringianum Cham. & Schlecht.","Cerastium beeringianum","-all-",0.3,,,"VB.TO.489226.CERASTIUMBEERIN"
24380,"Cladonia pocillum","CLPO60","cup lichen","VB.PC.19128.CLADONIAPOCILLU","Cladonia pocillum (Ach.) Grognot","Cladonia pocillum","CLPO60","cup lichen","VB.PC.19128.CLADONIAPOCILLU","Cladonia pocillum (Ach.) Grognot","Cladonia pocillum","-all-",0.3,,,"VB.TO.489230.CLADONIAPOCILLU"
24380,"Ditrichum flexicaule","DIFL70","ditrichum moss","VB.PC.23715.DITRICHUMFLEXIC","Ditrichum flexicaule (Schwaegr.) Hampe","Ditrichum flexicaule","DIFL70","ditrichum moss","VB.PC.23715.DITRICHUMFLEXIC","Ditrichum flexicaule (Schwaegr.) Hampe","Ditrichum flexicaule","-all-",0.3,,,"VB.TO.489234.DITRICHUMFLEXIC"
24380,"Dryas integrifolia integrifolia",,,"VB.PC.68605.DRYASINTEGRIFOL","Dryas integrifolia Vahl var. integrifolia","Dryas integrifolia var. integrifolia",,,"VB.PC.68605.DRYASINTEGRIFOL","Dryas integrifolia Vahl var. integrifolia","Dryas integrifolia var. integrifolia","-all-",15,,,"VB.TO.489238.DRYASINTEGRIFOL"
24380,"Hypogymnia subobscura","HYSU60","tube lichen","VB.PC.31708.HYPOGYMNIASUBOB","Hypogymnia subobscura (Vainio) Poelt","Hypogymnia subobscura","HYSU60","tube lichen","VB.PC.31708.HYPOGYMNIASUBOB","Hypogymnia subobscura (Vainio) Poelt","Hypogymnia subobscura","-all-",0.3,,,"VB.TO.489242.HYPOGYMNIASUBOB"
24380,"Ochrolechia frigida","OCFR60","cold crabseye lichen","VB.PC.40399.OCHROLECHIAFRIG","Ochrolechia frigida (Sw.) Lynge","Ochrolechia frigida","OCFR60","cold crabseye lichen","VB.PC.40399.OCHROLECHIAFRIG","Ochrolechia frigida (Sw.) Lynge","Ochrolechia frigida","-all-",5,,,"VB.TO.489246.OCHROLECHIAFRIG"
24380,"Poa alpigena","POAL",,"VB.PC.45930.POAALPIGENAFRIE","Poa alpigena (Fries ex Blytt) Lindm. f.","Poa alpigena","POAL",,"VB.PC.45930.POAALPIGENAFRIE","Poa alpigena (Fries ex Blytt) Lindm. f.","Poa alpigena","-all-",0.3,,,"VB.TO.489250.POAALPIGENA"
24380,"Rinodina roscida","RIRO3",,"VB.PC.49756.RINODINAROSCIDA","Rinodina roscida (Sommerf.) Arnold","Rinodina roscida","RIRO3",,"VB.PC.49756.RINODINAROSCIDA","Rinodina roscida (Sommerf.) Arnold","Rinodina roscida","-all-",2,,,"VB.TO.489254.RINODINAROSCIDA"
24380,"Thamnolia subuliformis","THSU60","whiteworm lichen","VB.PC.56233.THAMNOLIASUBULI","Thamnolia subuliformis (Ehrh.) Culb.","Thamnolia subuliformis","THSU60","whiteworm lichen","VB.PC.56233.THAMNOLIASUBULI","Thamnolia subuliformis (Ehrh.) Culb.","Thamnolia subuliformis","-all-",0.7,,,"VB.TO.489258.THAMNOLIASUBULI"
24380,"Caloplaca stillicidiorum","CAST45",,"VB.PC.15276.CALOPLACASTILLI","Caloplaca stillicidiorum (Vahl) Lynge","Caloplaca stillicidiorum","CAST45",,"VB.PC.15276.CALOPLACASTILLI","Caloplaca stillicidiorum (Vahl) Lynge","Caloplaca stillicidiorum","-all-",0.3,,,"VB.TO.489225.CALOPLACASTILLI"
24380,"Cetraria nivalis","CENI62",,"VB.PC.17701.CETRARIANIVALIS","Cetraria nivalis (L.) Ach.","Cetraria nivalis","CENI62",,"VB.PC.17701.CETRARIANIVALIS","Cetraria nivalis (L.) Ach.","Cetraria nivalis","-all-",0.3,,,"VB.TO.489229.CETRARIANIVALIS"
24380,"Distichium inclinatum","DIIN70","incline distichium moss","VB.PC.23663.DISTICHIUMINCLI","Distichium inclinatum (Hedw.) Bruch & Schimp. in B.S.G.","Distichium inclinatum","DIIN70","incline distichium moss","VB.PC.23663.DISTICHIUMINCLI","Distichium inclinatum (Hedw.) Bruch & Schimp. in B.S.G.","Distichium inclinatum","-all-",0.3,,,"VB.TO.489233.DISTICHIUMINCLI"
24380,"Draba glabella","DRGL","smooth draba","VB.PC.23900.DRABAGLABELLAPU","Draba glabella Pursh","Draba glabella","DRGL","smooth draba","VB.PC.23900.DRABAGLABELLAPU","Draba glabella Pursh","Draba glabella","-all-",0.3,,,"VB.TO.489237.DRABAGLABELLA"
24380,"Fistulariella almquistii","FIAL2",,"VB.PC.27456.FISTULARIELLAAL","Fistulariella almquistii (Vainio) Bowler & Rundel","Fistulariella almquistii","FIAL2",,"VB.PC.27456.FISTULARIELLAAL","Fistulariella almquistii (Vainio) Bowler & Rundel","Fistulariella almquistii","-all-",0.3,,,"VB.TO.489241.FISTULARIELLAAL"
24380,"Minuartia rubella","MIRU3","beautiful sandwort","VB.PC.38926.MINUARTIARUBELL","Minuartia rubella (Wahlenb.) Hiern.","Minuartia rubella","MIRU3","beautiful sandwort","VB.PC.38926.MINUARTIARUBELL","Minuartia rubella (Wahlenb.) Hiern.","Minuartia rubella","-all-",0.3,,,"VB.TO.489245.MINUARTIARUBELL"
24380,"Physconia muscigena","PHMU60","frosted lichen","VB.PC.45018.PHYSCONIAMUSCIG","Physconia muscigena (Ach.) Poelt","Physconia muscigena","PHMU60","frosted lichen","VB.PC.45018.PHYSCONIAMUSCIG","Physconia muscigena (Ach.) Poelt","Physconia muscigena","-all-",0.7,,,"VB.TO.489249.PHYSCONIAMUSCIG"
24380,"Rhytidum rugosum","RHRU70","rhytidium moss","VB.PC.49466.RHYTIDIUMRUGOSU","Rhytidium rugosum (Hedw.) Kindb.","Rhytidium rugosum","RHRU70","rhytidium moss","VB.PC.49466.RHYTIDIUMRUGOSU","Rhytidium rugosum (Hedw.) Kindb.","Rhytidium rugosum","-all-",0.3,,,"VB.TO.489253.RHYTIDUMRUGOSUM"
24380,"Saxifraga oppositifolia oppositifolia","SAOPO","purple mountain saxifrage","VB.PC.66102.SAXIFRAGAOPPOSI","Saxifraga oppositifolia L. ssp. oppositifolia","Saxifraga oppositifolia ssp. oppositifolia","SAOPO","purple mountain saxifrage","VB.PC.66102.SAXIFRAGAOPPOSI","Saxifraga oppositifolia L. ssp. oppositifolia","Saxifraga oppositifolia ssp. oppositifolia","-all-",0.3,,,"VB.TO.489257.SAXIFRAGAOPPOSI"
26038,"Callicarpa americana L.","CAAM2","American beautyberry","VB.PC.14959.CALLICARPAAMERI","Callicarpa americana L.","Callicarpa americana","CAAM2","American beautyberry","VB.PC.14959.CALLICARPAAMERI","Callicarpa americana L.","Callicarpa americana","-all-",1.5,3,,"VB.TO.550322.CALLICARPAAMERI"
26038,"Circaea ×intermedia Ehrh. (pro sp.)","CIIN4",,"VB.PC.76623.CIRCAEAINTERMED","Circaea ×intermedia Ehrh. (pro sp.)","Circaea ×intermedia","CIIN4",,"VB.PC.76623.CIRCAEAINTERMED","Circaea ×intermedia Ehrh. (pro sp.)","Circaea ×intermedia","-all-",0.505,2,,"VB.TO.550326.CIRCAEAINTERMED"
26038,"Elephantopus carolinianus Raeusch.","ELCA3","Carolina elephantsfoot","VB.PC.24723.ELEPHANTOPUSCAR","Elephantopus carolinianus Raeusch.","Elephantopus carolinianus","ELCA3","Carolina elephantsfoot","VB.PC.24723.ELEPHANTOPUSCAR","Elephantopus carolinianus Raeusch.","Elephantopus carolinianus","-all-",1.5,3,,"VB.TO.550330.ELEPHANTOPUSCAR"
26038,"Gelsemium sempervirens (L.) St. Hil.","GESE","evening trumpetflower","VB.PC.28284.GELSEMIUMSEMPER","Gelsemium sempervirens (L.) St. Hil.","Gelsemium sempervirens","GESE","evening trumpetflower","VB.PC.28284.GELSEMIUMSEMPER","Gelsemium sempervirens (L.) St. Hil.","Gelsemium sempervirens","-all-",0.05,1,,"VB.TO.550334.GELSEMIUMSEMPER"
26038,"Juniperus virginiana L. var. silicicola (Small) J. Silba","JUVIS","southern redcedar","VB.PC.81813.JUNIPERUSVIRGIN","Juniperus virginiana L. var. silicicola (Small) J. Silba","Juniperus virginiana var. silicicola","JUVIS","southern redcedar","VB.PC.81813.JUNIPERUSVIRGIN","Juniperus virginiana L. var. silicicola (Small) J. Silba","Juniperus virginiana var. silicicola","-all-",0.05,1,,"VB.TO.550338.JUNIPERUSVIRGIN"
26038,"Morella cerifera (L.) Small","MOCE2","wax myrtle","VB.PC.39258.MORELLACERIFERA","Morella cerifera (L.) Small","Morella cerifera","MOCE2","wax myrtle","VB.PC.39258.MORELLACERIFERA","Morella cerifera (L.) Small","Morella cerifera","-all-",7.5,5,,"VB.TO.550342.MORELLACERIFERA"
26038,"Persea borbonia (L.) Spreng.","PEBO","redbay","VB.PC.43747.PERSEABORBONIAL","Persea borbonia (L.) Spreng.","Persea borbonia","PEBO","redbay","VB.PC.43747.PERSEABORBONIAL","Persea borbonia (L.) Spreng.","Persea borbonia","-all-",0.505,2,,"VB.TO.550346.PERSEABORBONIAL"
26038,"Quercus hemisphaerica Bartr. ex Willd.","QUHE2","Darlington oak","VB.PC.48466.QUERCUSHEMISPHA","Quercus hemisphaerica Bartr. ex Willd.","Quercus hemisphaerica","QUHE2","Darlington oak","VB.PC.48466.QUERCUSHEMISPHA","Quercus hemisphaerica Bartr. ex Willd.","Quercus hemisphaerica","-all-",37.5,7,,"VB.TO.550350.QUERCUSHEMISPHA"
26038,"Sanicula canadensis L. var. canadensis","SACAC2","Canadian blacksnakeroot","VB.PC.88630.SANICULACANADEN","Sanicula canadensis L. var. canadensis","Sanicula canadensis var. canadensis","SACAC2","Canadian blacksnakeroot","VB.PC.88630.SANICULACANADEN","Sanicula canadensis L. var. canadensis","Sanicula canadensis var. canadensis","-all-",0.05,1,,"VB.TO.550354.SANICULACANADEN"
26038,"Smilax bona-nox L.","SMBO2","saw greenbrier","VB.PC.53681.SMILAXBONANOXL","Smilax bona-nox L.","Smilax bona-nox","SMBO2","saw greenbrier","VB.PC.53681.SMILAXBONANOXL","Smilax bona-nox L.","Smilax bona-nox","-all-",0.505,2,,"VB.TO.550358.SMILAXBONANOXL"
26038,"Symplocos tinctoria (L.) L'Hér.","SYTI","common sweetleaf","VB.PC.55592.SYMPLOCOSTINCTO","Symplocos tinctoria (L.) L'Hér.","Symplocos tinctoria","SYTI","common sweetleaf","VB.PC.55592.SYMPLOCOSTINCTO","Symplocos tinctoria (L.) L'Hér.","Symplocos tinctoria","-all-",3.5,4,,"VB.TO.550362.SYMPLOCOSTINCTO"
26038,"Vaccinium arboreum Marsh.","VAAR","farkleberry","VB.PC.58280.VACCINIUMARBORE","Vaccinium arboreum Marsh.","Vaccinium arboreum","VAAR","farkleberry","VB.PC.58280.VACCINIUMARBORE","Vaccinium arboreum Marsh.","Vaccinium arboreum","-all-",3.5,4,,"VB.TO.550366.VACCINIUMARBORE"
26038,"Callicarpa americana L.","CAAM2","American beautyberry","VB.PC.14959.CALLICARPAAMERI","Callicarpa americana L.","Callicarpa americana","CAAM2","American beautyberry","VB.PC.14959.CALLICARPAAMERI","Callicarpa americana L.","Callicarpa americana","Herb",1.5,3,,"VB.TO.550322.CALLICARPAAMERI"
26038,"Circaea ×intermedia Ehrh. (pro sp.)","CIIN4",,"VB.PC.76623.CIRCAEAINTERMED","Circaea ×intermedia Ehrh. (pro sp.)","Circaea ×intermedia","CIIN4",,"VB.PC.76623.CIRCAEAINTERMED","Circaea ×intermedia Ehrh. (pro sp.)","Circaea ×intermedia","Herb",0.505,2,,"VB.TO.550326.CIRCAEAINTERMED"
26038,"Elephantopus carolinianus Raeusch.","ELCA3","Carolina elephantsfoot","VB.PC.24723.ELEPHANTOPUSCAR","Elephantopus carolinianus Raeusch.","Elephantopus carolinianus","ELCA3","Carolina elephantsfoot","VB.PC.24723.ELEPHANTOPUSCAR","Elephantopus carolinianus Raeusch.","Elephantopus carolinianus","Herb",1.5,3,,"VB.TO.550330.ELEPHANTOPUSCAR"
26038,"Gelsemium sempervirens (L.) St. Hil.","GESE","evening trumpetflower","VB.PC.28284.GELSEMIUMSEMPER","Gelsemium sempervirens (L.) St. Hil.","Gelsemium sempervirens","GESE","evening trumpetflower","VB.PC.28284.GELSEMIUMSEMPER","Gelsemium sempervirens (L.) St. Hil.","Gelsemium sempervirens","Herb",0.05,1,,"VB.TO.550334.GELSEMIUMSEMPER"
26038,"Juniperus virginiana L. var. silicicola (Small) J. Silba","JUVIS","southern redcedar","VB.PC.81813.JUNIPERUSVIRGIN","Juniperus virginiana L. var. silicicola (Small) J. Silba","Juniperus virginiana var. silicicola","JUVIS","southern redcedar","VB.PC.81813.JUNIPERUSVIRGIN","Juniperus virginiana L. var. silicicola (Small) J. Silba","Juniperus virginiana var. silicicola","Herb",0.05,1,,"VB.TO.550338.JUNIPERUSVIRGIN"
26038,"Morella cerifera (L.) Small","MOCE2","wax myrtle","VB.PC.39258.MORELLACERIFERA","Morella cerifera (L.) Small","Morella cerifera","MOCE2","wax myrtle","VB.PC.39258.MORELLACERIFERA","Morella cerifera (L.) Small","Morella cerifera","Herb",7.5,5,,"VB.TO.550342.MORELLACERIFERA"
26038,"Persea borbonia (L.) Spreng.","PEBO","redbay","VB.PC.43747.PERSEABORBONIAL","Persea borbonia (L.) Spreng.","Persea borbonia","PEBO","redbay","VB.PC.43747.PERSEABORBONIAL","Persea borbonia (L.) Spreng.","Persea borbonia","Herb",0.505,2,,"VB.TO.550346.PERSEABORBONIAL"
26038,"Quercus hemisphaerica Bartr. ex Willd.","QUHE2","Darlington oak","VB.PC.48466.QUERCUSHEMISPHA","Quercus hemisphaerica Bartr. ex Willd.","Quercus hemisphaerica","QUHE2","Darlington oak","VB.PC.48466.QUERCUSHEMISPHA","Quercus hemisphaerica Bartr. ex Willd.","Quercus hemisphaerica","Herb",37.5,7,,"VB.TO.550350.QUERCUSHEMISPHA"
26038,"Sanicula canadensis L. var. canadensis","SACAC2","Canadian blacksnakeroot","VB.PC.88630.SANICULACANADEN","Sanicula canadensis L. var. canadensis","Sanicula canadensis var. canadensis","SACAC2","Canadian blacksnakeroot","VB.PC.88630.SANICULACANADEN","Sanicula canadensis L. var. canadensis","Sanicula canadensis var. canadensis","Herb",0.05,1,,"VB.TO.550354.SANICULACANADEN"
26038,"Smilax bona-nox L.","SMBO2","saw greenbrier","VB.PC.53681.SMILAXBONANOXL","Smilax bona-nox L.","Smilax bona-nox","SMBO2","saw greenbrier","VB.PC.53681.SMILAXBONANOXL","Smilax bona-nox L.","Smilax bona-nox","Herb",0.505,2,,"VB.TO.550358.SMILAXBONANOXL"
26038,"Symplocos tinctoria (L.) L'Hér.","SYTI","common sweetleaf","VB.PC.55592.SYMPLOCOSTINCTO","Symplocos tinctoria (L.) L'Hér.","Symplocos tinctoria","SYTI","common sweetleaf","VB.PC.55592.SYMPLOCOSTINCTO","Symplocos tinctoria (L.) L'Hér.","Symplocos tinctoria","Herb",3.5,4,,"VB.TO.550362.SYMPLOCOSTINCTO"
26038,"Vaccinium arboreum Marsh.","VAAR","farkleberry","VB.PC.58280.VACCINIUMARBORE","Vaccinium arboreum Marsh.","Vaccinium arboreum","VAAR","farkleberry","VB.PC.58280.VACCINIUMARBORE","Vaccinium arboreum Marsh.","Vaccinium arboreum","Herb",3.5,4,,"VB.TO.550366.VACCINIUMARBORE"
26038,"Bignonia capreolata L.","BICA","crossvine","VB.PC.13382.BIGNONIACAPREOL","Bignonia capreolata L.","Bignonia capreolata","BICA","crossvine","VB.PC.13382.BIGNONIACAPREOL","Bignonia capreolata L.","Bignonia capreolata","-all-",0.505,2,,"VB.TO.550321.BIGNONIACAPREOL"
26038,"Chasmanthium sessiliflorum (Poir.) Yates","CHSE2","longleaf woodoats","VB.PC.18120.CHASMANTHIUMSES","Chasmanthium sessiliflorum (Poir.) Yates","Chasmanthium sessiliflorum","CHSE2","longleaf woodoats","VB.PC.18120.CHASMANTHIUMSES","Chasmanthium sessiliflorum (Poir.) Yates","Chasmanthium sessiliflorum","-all-",0.505,2,,"VB.TO.550325.CHASMANTHIUMSES"
26038,"Dichanthelium commutatum (J.A. Schultes) Gould","DICO2","variable panicgrass","VB.PC.23064.DICHANTHELIUMCO","Dichanthelium commutatum (J.A. Schultes) Gould","Dichanthelium commutatum","DICO2","variable panicgrass","VB.PC.23064.DICHANTHELIUMCO","Dichanthelium commutatum (J.A. Schultes) Gould","Dichanthelium commutatum","-all-",0.05,1,,"VB.TO.550329.DICHANTHELIUMCO"
26038,"Galium uniflorum Michx.","GAUN2","oneflower bedstraw","VB.PC.28132.GALIUMUNIFLORUM","Galium uniflorum Michx.","Galium uniflorum","GAUN2","oneflower bedstraw","VB.PC.28132.GALIUMUNIFLORUM","Galium uniflorum Michx.","Galium uniflorum","-all-",0.05,1,,"VB.TO.550333.GALIUMUNIFLORUM"
26038,"Ilex vomitoria Ait.","ILVO","yaupon","VB.PC.31864.ILEXVOMITORIAAI","Ilex vomitoria Ait.","Ilex vomitoria","ILVO","yaupon","VB.PC.31864.ILEXVOMITORIAAI","Ilex vomitoria Ait.","Ilex vomitoria","-all-",37.5,7,,"VB.TO.550337.ILEXVOMITORIAAI"
26038,"Mitchella repens L.","MIRE","partridgeberry","VB.PC.39008.MITCHELLAREPENS","Mitchella repens L.","Mitchella repens","MIRE","partridgeberry","VB.PC.39008.MITCHELLAREPENS","Mitchella repens L.","Mitchella repens","-all-",0.505,2,,"VB.TO.550341.MITCHELLAREPENS"
26038,"Parthenocissus quinquefolia (L.) Planch.","PAQU2","Virginia creeper","VB.PC.42665.PARTHENOCISSUSQ","Parthenocissus quinquefolia (L.) Planch.","Parthenocissus quinquefolia","PAQU2","Virginia creeper","VB.PC.42665.PARTHENOCISSUSQ","Parthenocissus quinquefolia (L.) Planch.","Parthenocissus quinquefolia","-all-",0.05,1,,"VB.TO.550345.PARTHENOCISSUSQ"
26038,"Quercus falcata Michx.","QUFA","southern red oak","VB.PC.48452.QUERCUSFALCATAM","Quercus falcata Michx.","Quercus falcata","QUFA","southern red oak","VB.PC.48452.QUERCUSFALCATAM","Quercus falcata Michx.","Quercus falcata","-all-",7.5,5,,"VB.TO.550349.QUERCUSFALCATAM"
26038,"Sabal palmetto (Walt.) Lodd. ex J.A. & J.H. Schultes","SAPA","cabbage palmetto","VB.PC.50826.SABALPALMETTOWA","Sabal palmetto (Walt.) Lodd. ex J.A. & J.H. Schultes","Sabal palmetto","SAPA","cabbage palmetto","VB.PC.50826.SABALPALMETTOWA","Sabal palmetto (Walt.) Lodd. ex J.A. & J.H. Schultes","Sabal palmetto","-all-",0.505,2,,"VB.TO.550353.SABALPALMETTOWA"
26038,"Smilax auriculata Walt.","SMAU","earleaf greenbrier","VB.PC.53679.SMILAXAURICULAT","Smilax auriculata Walt.","Smilax auriculata","SMAU","earleaf greenbrier","VB.PC.53679.SMILAXAURICULAT","Smilax auriculata Walt.","Smilax auriculata","-all-",0.505,2,,"VB.TO.550357.SMILAXAURICULAT"
26038,"Solidago odora Ait. var. odora","SOODO","anisescented goldenrod","VB.PC.89500.SOLIDAGOODORAAI","Solidago odora Ait. var. odora","Solidago odora var. odora","SOODO","anisescented goldenrod","VB.PC.89500.SOLIDAGOODORAAI","Solidago odora Ait. var. odora","Solidago odora var. odora","-all-",0.05,1,,"VB.TO.550361.SOLIDAGOODORAAI"
26038,"Toxicodendron radicans (L.) Kuntze","TORA2","eastern poison ivy","VB.PC.57046.TOXICODENDRONRA","Toxicodendron radicans (L.) Kuntze","Toxicodendron radicans","TORA2","eastern poison ivy","VB.PC.57046.TOXICODENDRONRA","Toxicodendron radicans (L.) Kuntze","Toxicodendron radicans","-all-",3.5,4,,"VB.TO.550365.TOXICODENDRONRA"
26038,"Vitis rotundifolia Michx.","VIRO3","muscadine","VB.PC.59205.VITISROTUNDIFOL","Vitis rotundifolia Michx.","Vitis rotundifolia","VIRO3","muscadine","VB.PC.59205.VITISROTUNDIFOL","Vitis rotundifolia Michx.","Vitis rotundifolia","-all-",1.5,3,,"VB.TO.550369.VITISROTUNDIFOL"
26038,"Bignonia capreolata L.","BICA","crossvine","VB.PC.13382.BIGNONIACAPREOL","Bignonia capreolata L.","Bignonia capreolata","BICA","crossvine","VB.PC.13382.BIGNONIACAPREOL","Bignonia capreolata L.","Bignonia capreolata","Herb",0.505,2,,"VB.TO.550321.BIGNONIACAPREOL"
26038,"Chasmanthium sessiliflorum (Poir.) Yates","CHSE2","longleaf woodoats","VB.PC.18120.CHASMANTHIUMSES","Chasmanthium sessiliflorum (Poir.) Yates","Chasmanthium sessiliflorum","CHSE2","longleaf woodoats","VB.PC.18120.CHASMANTHIUMSES","Chasmanthium sessiliflorum (Poir.) Yates","Chasmanthium sessiliflorum","Herb",0.505,2,,"VB.TO.550325.CHASMANTHIUMSES"
26038,"Dichanthelium commutatum (J.A. Schultes) Gould","DICO2","variable panicgrass","VB.PC.23064.DICHANTHELIUMCO","Dichanthelium commutatum (J.A. Schultes) Gould","Dichanthelium commutatum","DICO2","variable panicgrass","VB.PC.23064.DICHANTHELIUMCO","Dichanthelium commutatum (J.A. Schultes) Gould","Dichanthelium commutatum","Herb",0.05,1,,"VB.TO.550329.DICHANTHELIUMCO"
26038,"Galium uniflorum Michx.","GAUN2","oneflower bedstraw","VB.PC.28132.GALIUMUNIFLORUM","Galium uniflorum Michx.","Galium uniflorum","GAUN2","oneflower bedstraw","VB.PC.28132.GALIUMUNIFLORUM","Galium uniflorum Michx.","Galium uniflorum","Herb",0.05,1,,"VB.TO.550333.GALIUMUNIFLORUM"
26038,"Ilex vomitoria Ait.","ILVO","yaupon","VB.PC.31864.ILEXVOMITORIAAI","Ilex vomitoria Ait.","Ilex vomitoria","ILVO","yaupon","VB.PC.31864.ILEXVOMITORIAAI","Ilex vomitoria Ait.","Ilex vomitoria","Herb",37.5,7,,"VB.TO.550337.ILEXVOMITORIAAI"
26038,"Mitchella repens L.","MIRE","partridgeberry","VB.PC.39008.MITCHELLAREPENS","Mitchella repens L.","Mitchella repens","MIRE","partridgeberry","VB.PC.39008.MITCHELLAREPENS","Mitchella repens L.","Mitchella repens","Herb",0.505,2,,"VB.TO.550341.MITCHELLAREPENS"
26038,"Parthenocissus quinquefolia (L.) Planch.","PAQU2","Virginia creeper","VB.PC.42665.PARTHENOCISSUSQ","Parthenocissus quinquefolia (L.) Planch.","Parthenocissus quinquefolia","PAQU2","Virginia creeper","VB.PC.42665.PARTHENOCISSUSQ","Parthenocissus quinquefolia (L.) Planch.","Parthenocissus quinquefolia","Herb",0.05,1,,"VB.TO.550345.PARTHENOCISSUSQ"
26038,"Quercus falcata Michx.","QUFA","southern red oak","VB.PC.48452.QUERCUSFALCATAM","Quercus falcata Michx.","Quercus falcata","QUFA","southern red oak","VB.PC.48452.QUERCUSFALCATAM","Quercus falcata Michx.","Quercus falcata","Herb",7.5,5,,"VB.TO.550349.QUERCUSFALCATAM"
26038,"Sabal palmetto (Walt.) Lodd. ex J.A. & J.H. Schultes","SAPA","cabbage palmetto","VB.PC.50826.SABALPALMETTOWA","Sabal palmetto (Walt.) Lodd. ex J.A. & J.H. Schultes","Sabal palmetto","SAPA","cabbage palmetto","VB.PC.50826.SABALPALMETTOWA","Sabal palmetto (Walt.) Lodd. ex J.A. & J.H. Schultes","Sabal palmetto","Herb",0.505,2,,"VB.TO.550353.SABALPALMETTOWA"
26038,"Smilax auriculata Walt.","SMAU","earleaf greenbrier","VB.PC.53679.SMILAXAURICULAT","Smilax auriculata Walt.","Smilax auriculata","SMAU","earleaf greenbrier","VB.PC.53679.SMILAXAURICULAT","Smilax auriculata Walt.","Smilax auriculata","Herb",0.505,2,,"VB.TO.550357.SMILAXAURICULAT"
26038,"Solidago odora Ait. var. odora","SOODO","anisescented goldenrod","VB.PC.89500.SOLIDAGOODORAAI","Solidago odora Ait. var. odora","Solidago odora var. odora","SOODO","anisescented goldenrod","VB.PC.89500.SOLIDAGOODORAAI","Solidago odora Ait. var. odora","Solidago odora var. odora","Herb",0.05,1,,"VB.TO.550361.SOLIDAGOODORAAI"
26038,"Toxicodendron radicans (L.) Kuntze","TORA2","eastern poison ivy","VB.PC.57046.TOXICODENDRONRA","Toxicodendron radicans (L.) Kuntze","Toxicodendron radicans","TORA2","eastern poison ivy","VB.PC.57046.TOXICODENDRONRA","Toxicodendron radicans (L.) Kuntze","Toxicodendron radicans","Herb",3.5,4,,"VB.TO.550365.TOXICODENDRONRA"
26038,"Vitis rotundifolia Michx.","VIRO3","muscadine","VB.PC.59205.VITISROTUNDIFOL","Vitis rotundifolia Michx.","Vitis rotundifolia","VIRO3","muscadine","VB.PC.59205.VITISROTUNDIFOL","Vitis rotundifolia Michx.","Vitis rotundifolia","Herb",1.5,3,,"VB.TO.550369.VITISROTUNDIFOL"
26038,"Aster tataricus L. f.","ASTA","Tatarian aster","VB.PC.11755.ASTERTATARICUSL","Aster tataricus L. f.","Aster tataricus","ASTA","Tatarian aster","VB.PC.11755.ASTERTATARICUSL","Aster tataricus L. f.","Aster tataricus","-all-",0.05,1,,"VB.TO.550320.ASTERTATARICUSL"
26038,"Carya glabra (P. Mill.) Sweet","CAGL8","pignut hickory","VB.PC.16664.CARYAGLABRAPMIL","Carya glabra (P. Mill.) Sweet","Carya glabra","CAGL8","pignut hickory","VB.PC.16664.CARYAGLABRAPMIL","Carya glabra (P. Mill.) Sweet","Carya glabra","-all-",37.5,7,,"VB.TO.550324.CARYAGLABRAPMIL"
26038,"Cornus florida L.","COFL2","flowering dogwood","VB.PC.20333.CORNUSFLORIDAL","Cornus florida L.","Cornus florida","COFL2","flowering dogwood","VB.PC.20333.CORNUSFLORIDAL","Cornus florida L.","Cornus florida","-all-",7.5,5,,"VB.TO.550328.CORNUSFLORIDAL"
26038,"Galium hispidulum Michx.","GAHI","coastal bedstraw","VB.PC.28061.GALIUMHISPIDULU","Galium hispidulum Michx.","Galium hispidulum","GAHI","coastal bedstraw","VB.PC.28061.GALIUMHISPIDULU","Galium hispidulum Michx.","Galium hispidulum","-all-",0.05,1,,"VB.TO.550332.GALIUMHISPIDULU"
26038,"Ilex opaca Ait. var. opaca","ILOPO","American holly","VB.PC.81464.ILEXOPACAAITVAR","Ilex opaca Ait. var. opaca","Ilex opaca var. opaca","ILOPO","American holly","VB.PC.81464.ILEXOPACAAITVAR","Ilex opaca Ait. var. opaca","Ilex opaca var. opaca","-all-",1.5,3,,"VB.TO.550336.ILEXOPACAAITVAR"
26038,"Magnolia grandiflora L.","MAGR4","southern magnolia","VB.PC.37219.MAGNOLIAGRANDIF","Magnolia grandiflora L.","Magnolia grandiflora","MAGR4","southern magnolia","VB.PC.37219.MAGNOLIAGRANDIF","Magnolia grandiflora L.","Magnolia grandiflora","-all-",0.505,2,,"VB.TO.550340.MAGNOLIAGRANDIF"
26038,"Osmanthus americanus (L.) Benth. & Hook. f. ex Gray","OSAM","devilwood","VB.PC.41361.OSMANTHUSAMERIC","Osmanthus americanus (L.) Benth. & Hook. f. ex Gray","Osmanthus americanus","OSAM","devilwood","VB.PC.41361.OSMANTHUSAMERIC","Osmanthus americanus (L.) Benth. & Hook. f. ex Gray","Osmanthus americanus","-all-",0.05,1,,"VB.TO.550344.OSMANTHUSAMERIC"
26038,"Prunus serotina Ehrh.","PRSE2","black cherry","VB.PC.47497.PRUNUSSEROTINAE","Prunus serotina Ehrh.","Prunus serotina","PRSE2","black cherry","VB.PC.47497.PRUNUSSEROTINAE","Prunus serotina Ehrh.","Prunus serotina","-all-",0.05,1,,"VB.TO.550348.PRUNUSSEROTINAE"
26038,"Ruellia caroliniensis (J.F. Gmel.) Steud. ssp. caroliniensis","RUCAC2","Carolina wild petunia","VB.PC.65928.RUELLIACAROLINI","Ruellia caroliniensis (J.F. Gmel.) Steud. ssp. caroliniensis","Ruellia caroliniensis ssp. caroliniensis","RUCAC2","Carolina wild petunia","VB.PC.65928.RUELLIACAROLINI","Ruellia caroliniensis (J.F. Gmel.) Steud. ssp. caroliniensis","Ruellia caroliniensis ssp. caroliniensis","-all-",0.505,2,,"VB.TO.550352.RUELLIACAROLINI"
26038,"Scleria triglomerata Michx.","SCTR","whip nutrush","VB.PC.52308.SCLERIATRIGLOME","Scleria triglomerata Michx.","Scleria triglomerata","SCTR","whip nutrush","VB.PC.52308.SCLERIATRIGLOME","Scleria triglomerata Michx.","Scleria triglomerata","-all-",0.05,1,,"VB.TO.550356.SCLERIATRIGLOME"
26038,"Smilax pumila Walt.","SMPU","sarsparilla vine","VB.PC.53703.SMILAXPUMILAWAL","Smilax pumila Walt.","Smilax pumila","SMPU","sarsparilla vine","VB.PC.53703.SMILAXPUMILAWAL","Smilax pumila Walt.","Smilax pumila","-all-",0.505,2,,"VB.TO.550360.SMILAXPUMILAWAL"
26038,"Tillandsia usneoides (L.) L.","TIUS","Spanish moss","VB.PC.56739.TILLANDSIAUSNEO","Tillandsia usneoides (L.) L.","Tillandsia usneoides","TIUS","Spanish moss","VB.PC.56739.TILLANDSIAUSNEO","Tillandsia usneoides (L.) L.","Tillandsia usneoides","-all-",0.505,2,,"VB.TO.550364.TILLANDSIAUSNEO"
26038,"Vitis aestivalis Michx.","VIAE","summer grape","VB.PC.59174.VITISAESTIVALIS","Vitis aestivalis Michx.","Vitis aestivalis","VIAE","summer grape","VB.PC.59174.VITISAESTIVALIS","Vitis aestivalis Michx.","Vitis aestivalis","-all-",0.05,1,,"VB.TO.550368.VITISAESTIVALIS"
26038,"Aster tataricus L. f.","ASTA","Tatarian aster","VB.PC.11755.ASTERTATARICUSL","Aster tataricus L. f.","Aster tataricus","ASTA","Tatarian aster","VB.PC.11755.ASTERTATARICUSL","Aster tataricus L. f.","Aster tataricus","Herb",0.05,1,,"VB.TO.550320.ASTERTATARICUSL"
26038,"Carya glabra (P. Mill.) Sweet","CAGL8","pignut hickory","VB.PC.16664.CARYAGLABRAPMIL","Carya glabra (P. Mill.) Sweet","Carya glabra","CAGL8","pignut hickory","VB.PC.16664.CARYAGLABRAPMIL","Carya glabra (P. Mill.) Sweet","Carya glabra","Herb",37.5,7,,"VB.TO.550324.CARYAGLABRAPMIL"
26038,"Cornus florida L.","COFL2","flowering dogwood","VB.PC.20333.CORNUSFLORIDAL","Cornus florida L.","Cornus florida","COFL2","flowering dogwood","VB.PC.20333.CORNUSFLORIDAL","Cornus florida L.","Cornus florida","Herb",7.5,5,,"VB.TO.550328.CORNUSFLORIDAL"
26038,"Galium hispidulum Michx.","GAHI","coastal bedstraw","VB.PC.28061.GALIUMHISPIDULU","Galium hispidulum Michx.","Galium hispidulum","GAHI","coastal bedstraw","VB.PC.28061.GALIUMHISPIDULU","Galium hispidulum Michx.","Galium hispidulum","Herb",0.05,1,,"VB.TO.550332.GALIUMHISPIDULU"
26038,"Ilex opaca Ait. var. opaca","ILOPO","American holly","VB.PC.81464.ILEXOPACAAITVAR","Ilex opaca Ait. var. opaca","Ilex opaca var. opaca","ILOPO","American holly","VB.PC.81464.ILEXOPACAAITVAR","Ilex opaca Ait. var. opaca","Ilex opaca var. opaca","Herb",1.5,3,,"VB.TO.550336.ILEXOPACAAITVAR"
26038,"Magnolia grandiflora L.","MAGR4","southern magnolia","VB.PC.37219.MAGNOLIAGRANDIF","Magnolia grandiflora L.","Magnolia grandiflora","MAGR4","southern magnolia","VB.PC.37219.MAGNOLIAGRANDIF","Magnolia grandiflora L.","Magnolia grandiflora","Herb",0.505,2,,"VB.TO.550340.MAGNOLIAGRANDIF"
26038,"Osmanthus americanus (L.) Benth. & Hook. f. ex Gray","OSAM","devilwood","VB.PC.41361.OSMANTHUSAMERIC","Osmanthus americanus (L.) Benth. & Hook. f. ex Gray","Osmanthus americanus","OSAM","devilwood","VB.PC.41361.OSMANTHUSAMERIC","Osmanthus americanus (L.) Benth. & Hook. f. ex Gray","Osmanthus americanus","Herb",0.05,1,,"VB.TO.550344.OSMANTHUSAMERIC"
26038,"Prunus serotina Ehrh.","PRSE2","black cherry","VB.PC.47497.PRUNUSSEROTINAE","Prunus serotina Ehrh.","Prunus serotina","PRSE2","black cherry","VB.PC.47497.PRUNUSSEROTINAE","Prunus serotina Ehrh.","Prunus serotina","Herb",0.05,1,,"VB.TO.550348.PRUNUSSEROTINAE"
26038,"Ruellia caroliniensis (J.F. Gmel.) Steud. ssp. caroliniensis","RUCAC2","Carolina wild petunia","VB.PC.65928.RUELLIACAROLINI","Ruellia caroliniensis (J.F. Gmel.) Steud. ssp. caroliniensis","Ruellia caroliniensis ssp. caroliniensis","RUCAC2","Carolina wild petunia","VB.PC.65928.RUELLIACAROLINI","Ruellia caroliniensis (J.F. Gmel.) Steud. ssp. caroliniensis","Ruellia caroliniensis ssp. caroliniensis","Herb",0.505,2,,"VB.TO.550352.RUELLIACAROLINI"
26038,"Scleria triglomerata Michx.","SCTR","whip nutrush","VB.PC.52308.SCLERIATRIGLOME","Scleria triglomerata Michx.","Scleria triglomerata","SCTR","whip nutrush","VB.PC.52308.SCLERIATRIGLOME","Scleria triglomerata Michx.","Scleria triglomerata","Herb",0.05,1,,"VB.TO.550356.SCLERIATRIGLOME"
26038,"Smilax pumila Walt.","SMPU","sarsparilla vine","VB.PC.53703.SMILAXPUMILAWAL","Smilax pumila Walt.","Smilax pumila","SMPU","sarsparilla vine","VB.PC.53703.SMILAXPUMILAWAL","Smilax pumila Walt.","Smilax pumila","Herb",0.505,2,,"VB.TO.550360.SMILAXPUMILAWAL"
26038,"Tillandsia usneoides (L.) L.","TIUS","Spanish moss","VB.PC.56739.TILLANDSIAUSNEO","Tillandsia usneoides (L.) L.","Tillandsia usneoides","TIUS","Spanish moss","VB.PC.56739.TILLANDSIAUSNEO","Tillandsia usneoides (L.) L.","Tillandsia usneoides","Herb",0.505,2,,"VB.TO.550364.TILLANDSIAUSNEO"
26038,"Vitis aestivalis Michx.","VIAE","summer grape","VB.PC.59174.VITISAESTIVALIS","Vitis aestivalis Michx.","Vitis aestivalis","VIAE","summer grape","VB.PC.59174.VITISAESTIVALIS","Vitis aestivalis Michx.","Vitis aestivalis","Herb",0.05,1,,"VB.TO.550368.VITISAESTIVALIS"
26038,"Aristolochia serpentaria L.","ARSE3","Virginia snakeroot","VB.PC.10578.ARISTOLOCHIASER","Aristolochia serpentaria L.","Aristolochia serpentaria","ARSE3","Virginia snakeroot","VB.PC.10578.ARISTOLOCHIASER","Aristolochia serpentaria L.","Aristolochia serpentaria","-all-",0.05,1,,"VB.TO.550319.ARISTOLOCHIASER"
26038,"Carya alba (L.) Nutt. ex Ell.","CAAL27","mockernut hickory","VB.PC.16658.CARYAALBALNUTTE","Carya alba (L.) Nutt. ex Ell.","Carya alba","CAAL27","mockernut hickory","VB.PC.16658.CARYAALBALNUTTE","Carya alba (L.) Nutt. ex Ell.","Carya alba","-all-",37.5,7,,"VB.TO.550323.CARYAALBALNUTTE"
26038,"Cnidoscolus stimulosus (Michx.) Engelm. & Gray","CNST","finger rot","VB.PC.19566.CNIDOSCOLUSSTIM","Cnidoscolus stimulosus (Michx.) Engelm. & Gray","Cnidoscolus stimulosus","CNST","finger rot","VB.PC.19566.CNIDOSCOLUSSTIM","Cnidoscolus stimulosus (Michx.) Engelm. & Gray","Cnidoscolus stimulosus","-all-",0.05,1,,"VB.TO.550327.CNIDOSCOLUSSTIM"
26038,"Elephantopus tomentosus L.","ELTO2","devil's grandmother","VB.PC.24733.ELEPHANTOPUSTOM","Elephantopus tomentosus L.","Elephantopus tomentosus","ELTO2","devil's grandmother","VB.PC.24733.ELEPHANTOPUSTOM","Elephantopus tomentosus L.","Elephantopus tomentosus","-all-",1.5,3,,"VB.TO.550331.ELEPHANTOPUSTOM"
26038,"Hexastylis arifolia (Michx.) Small var. arifolia","HEARA","littlebrownjug","VB.PC.81156.HEXASTYLISARIFO","Hexastylis arifolia (Michx.) Small var. arifolia","Hexastylis arifolia var. arifolia","HEARA","littlebrownjug","VB.PC.81156.HEXASTYLISARIFO","Hexastylis arifolia (Michx.) Small var. arifolia","Hexastylis arifolia var. arifolia","-all-",0.05,1,,"VB.TO.550335.HEXASTYLISARIFO"
26038,"Liquidambar styraciflua L.","LIST2","sweetgum","VB.PC.35711.LIQUIDAMBARSTYR","Liquidambar styraciflua L.","Liquidambar styraciflua","LIST2","sweetgum","VB.PC.35711.LIQUIDAMBARSTYR","Liquidambar styraciflua L.","Liquidambar styraciflua","-all-",0.05,1,,"VB.TO.550339.LIQUIDAMBARSTYR"
26038,"Nyssa sylvatica Marsh.","NYSY","blackgum","VB.PC.40354.NYSSASYLVATICAM","Nyssa sylvatica Marsh.","Nyssa sylvatica","NYSY","blackgum","VB.PC.40354.NYSSASYLVATICAM","Nyssa sylvatica Marsh.","Nyssa sylvatica","-all-",1.5,3,,"VB.TO.550343.NYSSASYLVATICAM"
26038,"Pinus taeda L.","PITA","loblolly pine","VB.PC.45250.PINUSTAEDAL","Pinus taeda L.","Pinus taeda","PITA","loblolly pine","VB.PC.45250.PINUSTAEDAL","Pinus taeda L.","Pinus taeda","-all-",0.505,2,,"VB.TO.550347.PINUSTAEDAL"
26038,"Quercus stellata Wangenh.","QUST","post oak","VB.PC.48542.QUERCUSSTELLATA","Quercus stellata Wangenh.","Quercus stellata","QUST","post oak","VB.PC.48542.QUERCUSSTELLATA","Quercus stellata Wangenh.","Quercus stellata","-all-",0.05,1,,"VB.TO.550351.QUERCUSSTELLATA"
26038,"Sassafras albidum (Nutt.) Nees","SAAL5","sassafras","VB.PC.51638.SASSAFRASALBIDU","Sassafras albidum (Nutt.) Nees","Sassafras albidum","SAAL5","sassafras","VB.PC.51638.SASSAFRASALBIDU","Sassafras albidum (Nutt.) Nees","Sassafras albidum","-all-",0.505,2,,"VB.TO.550355.SASSAFRASALBIDU"
26038,"Smilax glauca Walt.","SMGL","cat greenbrier","VB.PC.53687.SMILAXGLAUCAWAL","Smilax glauca Walt.","Smilax glauca","SMGL","cat greenbrier","VB.PC.53687.SMILAXGLAUCAWAL","Smilax glauca Walt.","Smilax glauca","-all-",0.05,1,,"VB.TO.550359.SMILAXGLAUCAWAL"
26038,"Tilia americana L.","TIAM","American basswood","VB.PC.56669.TILIAAMERICANAL","Tilia americana L.","Tilia americana","TIAM","American basswood","VB.PC.56669.TILIAAMERICANAL","Tilia americana L.","Tilia americana","-all-",3.5,4,,"VB.TO.550363.TILIAAMERICANAL"
26038,"Vaccinium stamineum L.","VAST","deerberry","VB.PC.58337.VACCINIUMSTAMIN","Vaccinium stamineum L.","Vaccinium stamineum","VAST","deerberry","VB.PC.58337.VACCINIUMSTAMIN","Vaccinium stamineum L.","Vaccinium stamineum","-all-",0.505,2,,"VB.TO.550367.VACCINIUMSTAMIN"
26038,"Aristolochia serpentaria L.","ARSE3","Virginia snakeroot","VB.PC.10578.ARISTOLOCHIASER","Aristolochia serpentaria L.","Aristolochia serpentaria","ARSE3","Virginia snakeroot","VB.PC.10578.ARISTOLOCHIASER","Aristolochia serpentaria L.","Aristolochia serpentaria","Herb",0.05,1,,"VB.TO.550319.ARISTOLOCHIASER"
26038,"Carya alba (L.) Nutt. ex Ell.","CAAL27","mockernut hickory","VB.PC.16658.CARYAALBALNUTTE","Carya alba (L.) Nutt. ex Ell.","Carya alba","CAAL27","mockernut hickory","VB.PC.16658.CARYAALBALNUTTE","Carya alba (L.) Nutt. ex Ell.","Carya alba","Herb",37.5,7,,"VB.TO.550323.CARYAALBALNUTTE"
26038,"Cnidoscolus stimulosus (Michx.) Engelm. & Gray","CNST","finger rot","VB.PC.19566.CNIDOSCOLUSSTIM","Cnidoscolus stimulosus (Michx.) Engelm. & Gray","Cnidoscolus stimulosus","CNST","finger rot","VB.PC.19566.CNIDOSCOLUSSTIM","Cnidoscolus stimulosus (Michx.) Engelm. & Gray","Cnidoscolus stimulosus","Herb",0.05,1,,"VB.TO.550327.CNIDOSCOLUSSTIM"
26038,"Elephantopus tomentosus L.","ELTO2","devil's grandmother","VB.PC.24733.ELEPHANTOPUSTOM","Elephantopus tomentosus L.","Elephantopus tomentosus","ELTO2","devil's grandmother","VB.PC.24733.ELEPHANTOPUSTOM","Elephantopus tomentosus L.","Elephantopus tomentosus","Herb",1.5,3,,"VB.TO.550331.ELEPHANTOPUSTOM"
26038,"Hexastylis arifolia (Michx.) Small var. arifolia","HEARA","littlebrownjug","VB.PC.81156.HEXASTYLISARIFO","Hexastylis arifolia (Michx.) Small var. arifolia","Hexastylis arifolia var. arifolia","HEARA","littlebrownjug","VB.PC.81156.HEXASTYLISARIFO","Hexastylis arifolia (Michx.) Small var. arifolia","Hexastylis arifolia var. arifolia","Herb",0.05,1,,"VB.TO.550335.HEXASTYLISARIFO"
26038,"Liquidambar styraciflua L.","LIST2","sweetgum","VB.PC.35711.LIQUIDAMBARSTYR","Liquidambar styraciflua L.","Liquidambar styraciflua","LIST2","sweetgum","VB.PC.35711.LIQUIDAMBARSTYR","Liquidambar styraciflua L.","Liquidambar styraciflua","Herb",0.05,1,,"VB.TO.550339.LIQUIDAMBARSTYR"
26038,"Nyssa sylvatica Marsh.","NYSY","blackgum","VB.PC.40354.NYSSASYLVATICAM","Nyssa sylvatica Marsh.","Nyssa sylvatica","NYSY","blackgum","VB.PC.40354.NYSSASYLVATICAM","Nyssa sylvatica Marsh.","Nyssa sylvatica","Herb",1.5,3,,"VB.TO.550343.NYSSASYLVATICAM"
26038,"Pinus taeda L.","PITA","loblolly pine","VB.PC.45250.PINUSTAEDAL","Pinus taeda L.","Pinus taeda","PITA","loblolly pine","VB.PC.45250.PINUSTAEDAL","Pinus taeda L.","Pinus taeda","Herb",0.505,2,,"VB.TO.550347.PINUSTAEDAL"
26038,"Quercus stellata Wangenh.","QUST","post oak","VB.PC.48542.QUERCUSSTELLATA","Quercus stellata Wangenh.","Quercus stellata","QUST","post oak","VB.PC.48542.QUERCUSSTELLATA","Quercus stellata Wangenh.","Quercus stellata","Herb",0.05,1,,"VB.TO.550351.QUERCUSSTELLATA"
26038,"Sassafras albidum (Nutt.) Nees","SAAL5","sassafras","VB.PC.51638.SASSAFRASALBIDU","Sassafras albidum (Nutt.) Nees","Sassafras albidum","SAAL5","sassafras","VB.PC.51638.SASSAFRASALBIDU","Sassafras albidum (Nutt.) Nees","Sassafras albidum","Herb",0.505,2,,"VB.TO.550355.SASSAFRASALBIDU"
26038,"Smilax glauca Walt.","SMGL","cat greenbrier","VB.PC.53687.SMILAXGLAUCAWAL","Smilax glauca Walt.","Smilax glauca","SMGL","cat greenbrier","VB.PC.53687.SMILAXGLAUCAWAL","Smilax glauca Walt.","Smilax glauca","Herb",0.05,1,,"VB.TO.550359.SMILAXGLAUCAWAL"
26038,"Tilia americana L.","TIAM","American basswood","VB.PC.56669.TILIAAMERICANAL","Tilia americana L.","Tilia americana","TIAM","American basswood","VB.PC.56669.TILIAAMERICANAL","Tilia americana L.","Tilia americana","Herb",3.5,4,,"VB.TO.550363.TILIAAMERICANAL"
26038,"Vaccinium stamineum L.","VAST","deerberry","VB.PC.58337.VACCINIUMSTAMIN","Vaccinium stamineum L.","Vaccinium stamineum","VAST","deerberry","VB.PC.58337.VACCINIUMSTAMIN","Vaccinium stamineum L.","Vaccinium stamineum","Herb",0.505,2,,"VB.TO.550367.VACCINIUMSTAMIN"
